State,Grade,Code,Description
No Standard Taught,NA,NA,NA
Florida,K,MA.K.NSO.1.1,"Given a group of up to 20 objects, count the number of objects in that group and represent the number of objects with a written numeral. State the number of objects in a rearrangement of that group without recounting."
Florida,K,MA.K.NSO.1.2,"Given a number from 0 to 20, count out that many objects."
Florida,K,MA.K.NSO.1.3,"Identify positions of objects within a sequence using the words “first,” “second,” “third,” “fourth” or “fifth.”"
Florida,K,MA.K.NSO.1.4,"Compare the number of objects from 0 to 20 in two groups using the terms less than, equal to or greater than."
Florida,K,MA.K.NSO.2.1,"Recite the number names to 100 by ones and by tens. Starting at a given number, count forward within 100 and backward within 20."
Florida,K,MA.K.NSO.2.2,"Represent whole numbers from 10 to 20, using a unit of ten and a group of ones, with objects, drawings and expressions or equations."
Florida,K,MA.K.NSO.2.3,"Locate, order and compare numbers from 0 to 20 using the number line and terms less than, equal to or greater than."
Florida,K,MA.K.NSO.3.1,"Explore addition of two whole numbers from 0 to 10, and related subtraction facts."
Florida,K,MA.K.NSO.3.2,Add two one-digit whole numbers with sums from 0 to 10 and subtract using related facts with procedural reliability.
Florida,K,MA.K.AR.1.1,"For any number from 1 to 9, find the number that makes 10 when added to the given number."
Florida,K,MA.K.AR.1.2,"Given a number from 0 to 10, find the different ways it can be represented as the sum of two numbers."
Florida,K,MA.K.AR.1.3,"Solve addition and subtraction real-world problems using objects, drawings or equations to represent the problem."
Florida,K,MA.K.AR.2.1,Explain why addition or subtraction equations are true using objects or drawings.
Florida,K,MA.K.M.1.1,"Identify the attributes of a single object that can be measured such as length, volume or weight."
Florida,K,MA.K.M.1.2,Directly compare two objects that have an attribute which can be measured in common. Express the comparison using language to describe the difference.
Florida,K,MA.K.M.1.3,"Express the length of an object, up to 20 units long, as a whole number of lengths by laying non-standard objects end to end with no gaps or overlaps."
Florida,K,MA.K.GR.1.1,"Identify two- and three-dimensional figures regardless of their size or orientation. Figures are limited to circles, triangles, rectangles, squares, spheres, cubes, cones and cylinders."
Florida,K,MA.K.GR.1.2,"Compare two-dimensional figures based on their similarities, differences and positions. Sort two-dimensional figures based on their similarities and differences. Figures are limited to circles, triangles, rectangles and squares."
Florida,K,MA.K.GR.1.3,"Compare three-dimensional figures based on their similarities, differences and positions. Sort three-dimensional figures based on their similarities and differences. Figures are limited to spheres, cubes, cones and cylinders."
Florida,K,MA.K.GR.1.4,"Find real-world objects that can be modeled by a given two- or three-dimensional figure. Figures are limited to circles, triangles, rectangles, squares, spheres, cubes, cones and cylinders."
Florida,K,MA.K.GR.1.5,"Combine two-dimensional figures to form a given composite figure. Figures used to form a composite shape are limited to triangles, rectangles and squares."
Florida,K,MA.K.DP.1.1,"Collect and sort objects into categories and compare the categories by counting the objects in each category. Report the results verbally, with a written numeral or with drawings."
Florida,1,MA.1.NSO.1.1,"Starting at a given number, count forward and backwards within 120 by ones. Skip count by 2s to 20 and by 5s to 100."
Florida,1,MA.1.NSO.1.2,"Read numbers from 0 to 100 written in standard form, expanded form and word form. Write numbers from 0 to 100 using standard form and expanded form."
Florida,1,MA.1.NSO.1.3,"Compose and decompose two-digit numbers in multiple ways using tens and ones. Demonstrate each composition or decomposition with objects, drawings and expressions or equations."
Florida,1,MA.1.NSO.1.4,"Plot, order and compare whole numbers up to 100."
Florida,1,MA.1.NSO.2.1,Recall addition facts with sums to 10 and related subtraction facts with automaticity.
Florida,1,MA.1.NSO.2.2,"Add two whole numbers with sums from 0 to 20, and subtract using related facts with procedural reliability."
Florida,1,MA.1.NSO.2.3,"Identify the number that is one more, one less, ten more and ten less than a given two-digit number."
Florida,1,MA.1.NSO.2.4,Explore the addition of a two-digit number and a one-digit number with sums to 100.
Florida,1,MA.1.NSO.2.5,Explore subtraction of a one-digit number from a two-digit number.
Florida,1,MA.1.FR.1.1,Partition circles and rectangles into two and four equal-sized parts. Name the parts of the whole using appropriate language including halves or fourths.
Florida,1,MA.1.AR.1.1,Apply properties of addition to find a sum of three or more whole numbers.
Florida,1,MA.1.AR.1.2,"Solve addition and subtraction real-world problems using objects, drawings or equations to represent the problem."
Florida,1,MA.1.AR.2.1,Restate a subtraction problem as a missing addend problem using the relationship between addition and subtraction.
Florida,1,MA.1.AR.2.2,Determine and explain if equations involving addition or subtraction are true or false.
Florida,1,MA.1.AR.2.3,"Determine the unknown whole number in an addition or subtraction equation, relating three whole numbers, with the unknown in any position."
Florida,1,MA.1.M.1.1,Estimate the length of an object to the nearest inch. Measure the length of an object to the nearest inch or centimeter.
Florida,1,MA.1.M.1.2,Compare and order the length of up to three objects using direct and indirect comparison.
Florida,1,MA.1.M.2.1,"Using analog and digital clocks, tell and write time in hours and half-hours."
Florida,1,MA.1.M.2.2,"Identify pennies, nickels, dimes and quarters, and express their values using the ¢ symbol. State how many of each coin equal a dollar."
Florida,1,MA.1.M.2.3,"Find the value of combinations of pennies, nickels and dimes up to one dollar, and the value of combinations of one, five and ten dollar bills up to $100. Use the ¢ and $ symbols appropriately."
Florida,1,MA.1.GR.1.1,"Identify, compare and sort two- and three-dimensional figures based on their defining attributes. Figures are limited to circles, semi-circles, triangles, rectangles, squares, trapezoids, hexagons, spheres, cubes, rectangular prisms, cones and cylinders."
Florida,1,MA.1.GR.1.2,"Sketch two-dimensional figures when given defining attributes. Figures are limited to triangles, rectangles, squares and hexagons."
Florida,1,MA.1.GR.1.3,"Compose and decompose two- and three-dimensional figures. Figures are limited to semi-circles, triangles, rectangles, squares, trapezoids, hexagons, cubes, rectangular prisms, cones and cylinders."
Florida,1,MA.1.GR.1.4,"Given a real-world object, identify parts that are modeled by two- and three-dimensional figures. Figures are limited to semi-circles, triangles, rectangles, squares and hexagons, spheres, cubes, rectangular prisms, cones and cylinders."
Florida,1,MA.1.DP.1.1,Collect data into categories and represent the results using tally marks or pictographs.
Florida,1,MA.1.DP.1.2,Interpret data represented with tally marks or pictographs by calculating the total number of data points and comparing the totals of different categories.
Florida,2,MA.2.NSO.1.1,"Read and write numbers from 0 to 1,000 using standard form, expanded form and word form."
Florida,2,MA.2.NSO.1.2,"Compose and decompose three-digit numbers in multiple ways using hundreds, tens and ones. Demonstrate each composition or decomposition with objects, drawings and expressions or equations."
Florida,2,MA.2.NSO.1.3,"Plot, order and compare whole numbers up to 1,000."
Florida,2,MA.2.NSO.1.4,Round whole numbers from 0 to 100 to the nearest 10.
Florida,2,MA.2.NSO.2.1,Recall addition facts with sums to 20 and related subtraction facts with automaticity.
Florida,2,MA.2.NSO.2.2,"Identify the number that is ten more, ten less, one hundred more and one hundred less than a given three-digit number."
Florida,2,MA.2.NSO.2.3,"Add two whole numbers with sums up to 100 with procedural reliability. Subtract a whole number from a whole number, each no larger than 100, with procedural reliability."
Florida,2,MA.2.NSO.2.4,"Explore the addition of two whole numbers with sums up to 1,000. Explore the subtraction of a whole number from a whole number, each no larger than 1,000."
Florida,2,MA.2.FR.1.1,"Partition circles and rectangles into two, three or four equal-sized parts. Name the parts using appropriate language, and describe the whole as two halves, three thirds or four fourths."
Florida,2,MA.2.FR.1.2,"Partition rectangles into two, three or four equal-sized parts in two different ways showing that equal-sized parts of the same whole may have different shapes."
Florida,2,MA.2.AR.1.1,Solve one- and two-step addition and subtraction real-world problems.
Florida,2,MA.2.AR.2.1,Determine and explain whether equations involving addition and subtraction are true or false.
Florida,2,MA.2.AR.2.2,"Determine the unknown whole number in an addition or subtraction equation, relating three or four whole numbers, with the unknown in any position."
Florida,2,MA.2.AR.3.1,Represent an even number using two equal groups or two equal addends. Represent an odd number using two equal groups with one left over or two equal addends plus 1.
Florida,2,MA.2.AR.3.2,Use repeated addition to find the total number of objects in a collection of equal groups. Represent the total number of objects using rectangular arrays and equations.
Florida,2,MA.2.M.1.1,"Estimate and measure the length of an object to the nearest inch, foot, yard, centimeter or meter by selecting and using an appropriate tool."
Florida,2,MA.2.M.1.2,Measure the lengths of two objects using the same unit and determine the difference between their measurements.
Florida,2,MA.2.M.1.3,Solve one- and two-step real-world measurement problems involving addition and subtraction of lengths given in the same units.
Florida,2,MA.2.M.2.1,"Using analog and digital clocks, tell and write time to the nearest five minutes using a.m. and p.m. appropriately. Express portions of an hour using the fractional terms half an hour, half past, quarter of an hour, quarter after and quarter til."
Florida,2,MA.2.M.2.2,Solve one- and two-step addition and subtraction real-world problems involving either dollar bills within $100 or coins within 100¢ using $ and ¢ symbols appropriately.
Florida,2,MA.2.GR.1.1,"Identify and draw two-dimensional figures based on their defining attributes. Figures are limited to triangles, rectangles, squares, pentagons, hexagons and octagons."
Florida,2,MA.2.GR.1.2,"Categorize two-dimensional figures based on the number and length of sides, number of vertices, whether they are closed or not and whether the edges are curved or straight."
Florida,2,MA.2.GR.1.3,Identify line(s) of symmetry for a two-dimensional figure.
Florida,2,MA.2.GR.2.1,Explore perimeter as an attribute of a figure by placing unit segments along the boundary without gaps or overlaps. Find perimeters of rectangles by counting unit segments.
Florida,2,MA.2.GR.2.2,"Find the perimeter of a polygon with whole-number side lengths. Polygons are limited to triangles, rectangles, squares and pentagons."
Florida,2,MA.2.DP.1.1,"Collect, categorize and represent data using tally marks, tables, pictographs or bar graphs. Use appropriate titles, labels and units."
Florida,2,MA.2.DP.1.2,"Interpret data represented with tally marks, tables, pictographs or bar graphs including solving addition and subtraction problems."
Florida,3,MA.3.NSO.1.1,"Read and write numbers from 0 to 10,000 using standard form, expanded form and word form."
Florida,3,MA.3.NSO.1.2,"Compose and decompose four-digit numbers in multiple ways using thousands, hundreds, tens and ones. Demonstrate each composition or decomposition using objects, drawings and expressions or equations."
Florida,3,MA.3.NSO.1.3,"Plot, order and compare whole numbers up to 10,000."
Florida,3,MA.3.NSO.1.4,"Round whole numbers from 0 to 1,000 to the nearest 10 or 100."
Florida,3,MA.3.NSO.2.1,Add and subtract multi-digit whole numbers including using a standard algorithm with procedural fluency.
Florida,3,MA.3.NSO.2.2,"Explore multiplication of two whole numbers with products from 0 to 144, and related division facts."
Florida,3,MA.3.NSO.2.3,"Multiply a one-digit whole number by a multiple of 10, up to 90, or a multiple of 100, up to 900, with procedural reliability."
Florida,3,MA.3.NSO.2.4,Multiply two whole numbers from 0 to 12 and divide using related facts with procedural reliability.
Florida,3,MA.3.FR.1.1,Represent and interpret unit fractions in the form 1/n as the quantity formed by one part when a whole is partitioned into n equal parts.
Florida,3,MA.3.FR.1.2,"Represent and interpret fractions, including fractions greater than one, in the form of m/n as the result of adding the unit fraction 1/n to itself m times."
Florida,3,MA.3.FR.1.3,"Read and write fractions, including fractions greater than one, using standard form, numeral-word form and word form."
Florida,3,MA.3.FR.2.1,"Plot, order and compare fractional numbers with the same numerator or the same denominator."
Florida,3,MA.3.FR.2.2,Identify equivalent fractions and explain why they are equivalent.
Florida,3,MA.3.AR.1.1,Apply the distributive property to multiply a one-digit number and two-digit number. Apply properties of multiplication to find a product of one-digit whole numbers.
Florida,3,MA.3.AR.1.2,Solve one- and two-step real-world problems involving any of four operations with whole numbers.
Florida,3,MA.3.AR.2.1,Restate a division problem as a missing factor problem using the relationship between multiplication and division.
Florida,3,MA.3.AR.2.2,Determine and explain whether an equation involving multiplication or division is true or false.
Florida,3,MA.3.AR.2.3,"Determine the unknown whole number in a multiplication or division equation, relating three whole numbers, with the unknown in any position."
Florida,3,MA.3.AR.3.1,"Determine and explain whether a whole number from 1 to 1,000 is even or odd."
Florida,3,MA.3.AR.3.2,Determine whether a whole number from 1 to 144 is a multiple of a given one-digit number.
Florida,3,MA.3.AR.3.3,"Identify, create and extend numerical patterns."
Florida,3,MA.3.M.1.1,"Select and use appropriate tools to measure the length of an object, the volume of liquid within a beaker and temperature."
Florida,3,MA.3.M.1.2,"Solve real-world problems involving any of the four operations with whole-number lengths, masses, weights, temperatures or liquid volumes."
Florida,3,MA.3.M.2.1,Using analog and digital clocks tell and write time to the nearest minute using a.m. and p.m. appropriately.
Florida,3,MA.3.M.2.2,Solve one- and two-step real-world problems involving elapsed time.
Florida,3,MA.3.GR.1.1,"Describe and draw points, lines, line segments, rays, intersecting lines, perpendicular lines and parallel lines. Identify these in two-dimensional figures."
Florida,3,MA.3.GR.1.2,"Identify and draw quadrilaterals based on their defining attributes. Quadrilaterals include parallelograms, rhombi, rectangles, squares and trapezoids."
Florida,3,MA.3.GR.1.3,Draw line(s) of symmetry in a two-dimensional figure and identify line-symmetric two-dimensional figures.
Florida,3,MA.3.GR.2.1,Explore area as an attribute of a two-dimensional figure by covering the figure with unit squares without gaps or overlaps. Find areas of rectangles by counting unit squares.
Florida,3,MA.3.GR.2.2,Find the area of a rectangle with whole-number side lengths using a visual model and a multiplication formula.
Florida,3,MA.3.GR.2.3,Solve mathematical and real-world problems involving the perimeter and area of rectangles with whole-number side lengths using a visual model and a formula.
Florida,3,MA.3.GR.2.4,Solve mathematical and real-world problems involving the perimeter and area of composite figures composed of non-overlapping rectangles with whole-number side lengths.
Florida,3,MA.3.DP.1.1,"Collect and represent numerical and categorical data with whole-number values using tables, scaled pictographs, scaled bar graphs or line plots. Use appropriate titles, labels and units."
Florida,3,MA.3.DP.1.2,"Interpret data with whole-number values represented with tables, scaled pictographs, circle graphs, scaled bar graphs or line plots by solving one- and two-step problems."
Florida,4,MA.4.NSO.1.1,Express how the value of a digit in a multi-digit whole number changes if the digit moves one place to the left or right.
Florida,4,MA.4.NSO.1.2,"Read and write multi-digit whole numbers from 0 to 1,000,000 using standard form, expanded form and word form."
Florida,4,MA.4.NSO.1.3,"Plot, order and compare multi-digit whole numbers up to 1,000,000."
Florida,4,MA.4.NSO.1.4,"Round whole numbers from 0 to 10,000 to the nearest 10, 100 or 1,000."
Florida,4,MA.4.NSO.1.5,"Plot, order and compare decimals up to the hundredths."
Florida,4,MA.4.NSO.2.1,Recall multiplication facts with factors up to 12 and related division facts with automaticity.
Florida,4,MA.4.NSO.2.2,"Multiply two whole numbers, up to three digits by up to two digits, with procedural reliability."
Florida,4,MA.4.NSO.2.3,"Multiply two whole numbers, each up to two digits, including using a standard algorithm with procedural fluency."
Florida,4,MA.4.NSO.2.4,Divide a whole number up to four digits by a one-digit whole number with procedural reliability. Represent remainders as fractional parts of the divisor.
Florida,4,MA.4.NSO.2.5,"Explore the multiplication and division of multi-digit whole numbers using estimation, rounding and place value."
Florida,4,MA.4.NSO.2.6,"Identify the number that is one-tenth more, one-tenth less, one-hundredth more and one-hundredth less than a given number."
Florida,4,MA.4.NSO.2.7,Explore the addition and subtraction of multi-digit numbers with decimals to the hundredths.
Florida,4,MA.4.FR.1.1,"Model and express a fraction, including mixed numbers and fractions greater than one, with the denominator 10 as an equivalent fraction with the denominator 100."
Florida,4,MA.4.FR.1.2,"Use decimal notation to represent fractions with denominators of 10 or 100, including mixed numbers and fractions greater than 1, and use fractional notation with denominators of 10 or 100 to represent decimals."
Florida,4,MA.4.FR.1.3,"Identify and generate equivalent fractions, including fractions greater than one. Describe how the numerator and denominator are affected when the equivalent fraction is created."
Florida,4,MA.4.FR.1.4,"Plot, order and compare fractions, including mixed numbers and fractions greater than one, with different numerators and different denominators."
Florida,4,MA.4.FR.2.1,"Decompose a fraction, including mixed numbers and fractions greater than one, into a sum of fractions with the same denominator in multiple ways. Demonstrate each decomposition with objects, drawings and equations."
Florida,4,MA.4.FR.2.2,"Add and subtract fractions with like denominators, including mixed numbers and fractions greater than one, with procedural reliability."
Florida,4,MA.4.FR.2.3,Explore the addition of a fraction with denominator of 10 to a fraction with denominator of 100 using equivalent fractions.
Florida,4,MA.4.FR.2.4,Extend previous understanding of multiplication to explore the multiplication of a fraction by a whole number or a whole number by a fraction.
Florida,4,MA.4.AR.1.1,Solve real-world problems involving multiplication and division of whole numbers including problems in which remainders must be interpreted within the context.
Florida,4,MA.4.AR.1.2,"Solve real-world problems involving addition and subtraction of fractions with like denominators, including mixed numbers and fractions greater than one."
Florida,4,MA.4.AR.1.3,Solve real-world problems involving multiplication of a fraction by a whole number or a whole number by a fraction.
Florida,4,MA.4.AR.2.1,Determine and explain whether an equation involving any of the four operations with whole numbers is true or false.
Florida,4,MA.4.AR.2.2,"Given a mathematical or real-world context, write an equation involving multiplication or division to determine the unknown whole number with the unknown in any position."
Florida,4,MA.4.AR.3.1,"Determine factor pairs for a whole number from 0 to 144. Determine whether a whole number from 0 to 144 is prime, composite or neither."
Florida,4,MA.4.AR.3.2,"Generate, describe and extend a numerical pattern that follows a given rule."
Florida,4,MA.4.M.1.1,Select and use appropriate tools to measure attributes of objects.
Florida,4,MA.4.M.1.2,"Convert within a single system of measurement using the units: yards, feet, inches; kilometers, meters, centimeters, millimeters; pounds, ounces; kilograms, grams; gallons, quarts, pints, cups; liter, milliliter; and hours, minutes, seconds."
Florida,4,MA.4.M.2.1,Solve two-step real-world problems involving distances and intervals of time using any combination of the four operations.
Florida,4,MA.4.M.2.2,Solve one- and two-step addition and subtraction real-world problems involving money using decimal notation.
Florida,4,MA.4.GR.1.1,"Informally explore angles as an attribute of two-dimensional figures. Identify and classify angles as acute, right, obtuse, straight or reflex."
Florida,4,MA.4.GR.1.2,"Estimate angle measures. Using a protractor, measure angles in whole-number degrees and draw angles of specified measure in whole-number degrees. Demonstrate that angle measure is additive."
Florida,4,MA.4.GR.1.3,Solve real-world and mathematical problems involving unknown whole-number angle measures. Write an equation to represent the unknown.
Florida,4,MA.4.GR.2.1,"Solve perimeter and area mathematical and real-world problems, including problems with unknown sides, for rectangles with whole-number side lengths."
Florida,4,MA.4.GR.2.2,Solve problems involving rectangles with the same perimeter and different areas or with the same area and different perimeters.
Florida,4,MA.4.DP.1.1,"Collect and represent numerical data, including fractional values, using tables, stem-and-leaf plots or line plots."
Florida,4,MA.4.DP.1.2,"Determine the mode, median or range to interpret numerical data including fractional values, represented with tables, stem-and-leaf plots or line plots."
Florida,4,MA.4.DP.1.3,Solve real-world problems involving numerical data.
Florida,5,MA.5.NSO.1.1,Express how the value of a digit in a multi-digit number with decimals to the thousandths changes if the digit moves one or more places to the left or right.
Florida,5,MA.5.NSO.1.2,"Read and write multi-digit numbers with decimals to the thousandths using standard form, word form and expanded form."
Florida,5,MA.5.NSO.1.3,"Compose and decompose multi-digit numbers with decimals to the thousandths in multiple ways using the values of the digits in each place. Demonstrate the compositions or decompositions using objects, drawings and expressions or equations."
Florida,5,MA.5.NSO.1.4,"Plot, order and compare multi-digit numbers with decimals up to the thousandths."
Florida,5,MA.5.NSO.1.5,"Round multi-digit numbers with decimals to the thousandths to the nearest hundredth, tenth or whole number."
Florida,5,MA.5.NSO.2.1,Multiply multi-digit whole numbers including using a standard algorithm with procedural fluency.
Florida,5,MA.5.NSO.2.2,"Divide multi-digit whole numbers, up to five digits by two digits, including using a standard algorithm with procedural fluency. Represent remainders as fractions."
Florida,5,MA.5.NSO.2.3,"Add and subtract multi-digit numbers with decimals to the thousandths, including using a standard algorithm with procedural fluency."
Florida,5,MA.5.NSO.2.4,"Explore the multiplication and division of multi-digit numbers with decimals to the hundredths using estimation, rounding and place value."
Florida,5,MA.5.NSO.2.5,Multiply and divide a multi-digit number with decimals to the tenths by one-tenth and one-hundredth with procedural reliability.
Florida,5,MA.5.FR.1.1,"Given a mathematical or real-world problem, represent the division of two whole numbers as a fraction."
Florida,5,MA.5.FR.2.1,"Add and subtract fractions with unlike denominators, including mixed numbers and fractions greater than 1, with procedural reliability."
Florida,5,MA.5.FR.2.2,"Extend previous understanding of multiplication to multiply a fraction by a fraction, including mixed numbers and fractions greater than 1, with procedural reliability."
Florida,5,MA.5.FR.2.3,"When multiplying a given number by a fraction less than 1 or a fraction greater than 1, predict and explain the relative size of the product to the given number without calculating."
Florida,5,MA.5.FR.2.4,Extend previous understanding of division to explore the division of a unit fraction by a whole number and a whole number by a unit fraction.
Florida,5,MA.5.AR.1.1,"Solve multi-step real-world problems involving any combination of the four operations with whole numbers, including problems in which remainders must be interpreted within the context."
Florida,5,MA.5.AR.1.2,"Solve real-world problems involving the addition, subtraction or multiplication of fractions, including mixed numbers and fractions greater than 1."
Florida,5,MA.5.AR.1.3,Solve real-world problems involving division of a unit fraction by a whole number and a whole number by a unit fraction.
Florida,5,MA.5.AR.2.1,Translate written real-world and mathematical descriptions into numerical expressions and numerical expressions into written mathematical descriptions.
Florida,5,MA.5.AR.2.2,Evaluate multi-step numerical expressions using order of operations.
Florida,5,MA.5.AR.2.3,Determine and explain whether an equation involving any of the four operations is true or false.
Florida,5,MA.5.AR.2.4,"Given a mathematical or real-world context, write an equation involving any of the four operations to determine the unknown whole number with the unknown in any position."
Florida,5,MA.5.AR.3.1,"Given a numerical pattern, identify and write a rule that can describe the pattern as an expression."
Florida,5,MA.5.AR.3.2,"Given a rule for a numerical pattern, use a two-column table to record the inputs and outputs."
Florida,5,MA.5.M.1.1,Solve multi-step real-world problems that involve converting measurement units to equivalent measurements within a single system of measurement.
Florida,5,MA.5.M.2.1,Solve multi-step real-world problems involving money using decimal notation.
Florida,5,MA.5.GR.1.1,Classify triangles or quadrilaterals into different categories based on shared defining attributes. Explain why a triangle or quadrilateral would or would not belong to a category.
Florida,5,MA.5.GR.1.2,"Identify and classify three-dimensional figures into categories based on their defining attributes. Figures are limited to right pyramids, right prisms, right circular cylinders, right circular cones and spheres."
Florida,5,MA.5.GR.2.1,Find the perimeter and area of a rectangle with fractional or decimal side lengths using visual models and formulas.
Florida,5,MA.5.GR.3.1,Explore volume as an attribute of three-dimensional figures by packing them with unit cubes without gaps. Find the volume of a right rectangular prism with whole-number side lengths by counting unit cubes.
Florida,5,MA.5.GR.3.2,Find the volume of a right rectangular prism with whole-number side lengths using a visual model and a formula.
Florida,5,MA.5.GR.3.3,"Solve real-world problems involving the volume of right rectangular prisms, including problems with an unknown edge length, with whole-number edge lengths using a visual model or a formula. Write an equation with a variable for the unknown to represent the problem."
Florida,5,MA.5.GR.4.1,Identify the origin and axes in the coordinate system. Plot and label ordered pairs in the first quadrant of the coordinate plane.
Florida,5,MA.5.GR.4.2,Represent mathematical and real-world problems by plotting points in the first quadrant of the coordinate plane and interpret coordinate values of points in the context of the situation.
Florida,5,MA.5.DP.1.1,"Collect and represent numerical data, including fractional and decimal values, using tables, line graphs or line plots."
Florida,5,MA.5.DP.1.2,"Interpret numerical data, with whole-number values, represented with tables or line plots by determining the mean, mode, median or range."
Florida,6,MA.6.NSO.1.1,"Extend previous understanding of numbers to define rational numbers. Plot, order and compare rational numbers."
Florida,6,MA.6.NSO.1.2,"Given a mathematical or real-world context, represent quantities that have opposite direction using rational numbers. Compare them on a number line and explain the meaning of zero within its context."
Florida,6,MA.6.NSO.1.3,"Given a mathematical or real-world context, interpret the absolute value of a number as the distance from zero on a number line. Find the absolute value of rational numbers."
Florida,6,MA.6.NSO.1.4,"Solve mathematical and real-world problems involving absolute value, including the comparison of absolute value."
Florida,6,MA.6.NSO.2.1,"Multiply and divide positive multi-digit numbers with decimals to the thousandths, including using a standard algorithm with procedural fluency."
Florida,6,MA.6.NSO.2.2,"Extend previous understanding of multiplication and division to compute products and quotients of positive fractions by positive fractions, including mixed numbers, with procedural fluency."
Florida,6,MA.6.NSO.2.3,"Solve multi-step real-world problems involving any of the four operations with positive multi-digit decimals or positive fractions, including mixed numbers."
Florida,6,MA.6.NSO.3.1,"Given a mathematical or real-world context, find the greatest common factor and least common multiple of two whole numbers."
Florida,6,MA.6.NSO.3.2,"Rewrite the sum of two composite whole numbers having a common factor, as a common factor multiplied by the sum of two whole numbers."
Florida,6,MA.6.NSO.3.3,Evaluate positive rational numbers and integers with natural number exponents.
Florida,6,MA.6.NSO.3.4,Express composite whole numbers as a product of prime factors with natural number exponents.
Florida,6,MA.6.NSO.3.5,"Rewrite positive rational numbers in different but equivalent forms including fractions, terminating decimals and percentages."
Florida,6,MA.6.NSO.4.1,Apply and extend previous understandings of operations with whole numbers to add and subtract integers with procedural fluency.
Florida,6,MA.6.NSO.4.2,Apply and extend previous understandings of operations with whole numbers to multiply and divide integers with procedural fluency.
Florida,6,MA.6.AR.1.1,"Given a mathematical or real-world context, translate written descriptions into algebraic expressions and translate algebraic expressions into written descriptions."
Florida,6,MA.6.AR.1.2,"Translate a real-world written description into an algebraic inequality in the form of x > a, x < a, x ≥ a or x ≤ a. Represent the inequality on a number line."
Florida,6,MA.6.AR.1.3,Evaluate algebraic expressions using substitution and order of operations.
Florida,6,MA.6.AR.1.4,Apply the properties of operations to generate equivalent algebraic expressions with integer coefficients.
Florida,6,MA.6.AR.2.1,"Given an equation or inequality and a specified set of integer values, determine which values make the equation or inequality true or false."
Florida,6,MA.6.AR.2.2,"Write and solve one-step equations in one variable within a mathematical or real-world context using addition and subtraction, where all terms and solutions are integers."
Florida,6,MA.6.AR.2.3,"Write and solve one-step equations in one variable within a mathematical or real-world context using multiplication and division, where all terms and solutions are integers."
Florida,6,MA.6.AR.2.4,"Determine the unknown decimal or fraction in an equation involving any of the four operations, relating three numbers, with the unknown in any position."
Florida,6,MA.6.AR.3.1,"Given a real-world context, write and interpret ratios to show the relative sizes of two quantities using appropriate notation: a/b, a to b, or a:b where b ≠ 0."
Florida,6,MA.6.AR.3.2,"Given a real-world context, determine a rate for a ratio of quantities with different units. Calculate and interpret the corresponding unit rate."
Florida,6,MA.6.AR.3.3,Extend previous understanding of fractions and numerical patterns to generate or complete a two- or three-column table to display equivalent part-to-part ratios and part-to-part-to-whole ratios.
Florida,6,MA.6.AR.3.4,Apply ratio relationships to solve mathematical and real-world problems involving percentages using the relationship between two quantities.
Florida,6,MA.6.AR.3.5,"Solve mathematical and real-world problems involving ratios, rates and unit rates, including comparisons, mixtures, ratios of lengths and conversions within the same measurement system."
Florida,6,MA.6.GR.1.1,Extend previous understanding of the coordinate plane to plot rational number ordered pairs in all four quadrants and on both axes. Identify the x- or y-axis as the line of reflection when two ordered pairs have an opposite x- or y-coordinate.
Florida,6,MA.6.GR.1.2,"Find distances between ordered pairs, limited to the same x-coordinate or the same y-coordinate, represented on the coordinate plane."
Florida,6,MA.6.GR.1.3,"Solve mathematical and real-world problems by plotting points on a coordinate plane, including finding the perimeter or area of a rectangle."
Florida,6,MA.6.GR.2.1,Derive a formula for the area of a right triangle using a rectangle. Apply a formula to find the area of a triangle.
Florida,6,MA.6.GR.2.2,Solve mathematical and real-world problems involving the area of quadrilaterals and composite figures by decomposing them into triangles or rectangles.
Florida,6,MA.6.GR.2.3,Solve mathematical and real-world problems involving the volume of right rectangular prisms with positive rational number edge lengths using a visual model and a formula.
Florida,6,MA.6.GR.2.4,"Given a mathematical or real-world context, find the surface area of right rectangular prisms and right rectangular pyramids using the figure's net."
Florida,6,MA.6.DP.1.1,Recognize and formulate a statistical question that would generate numerical data.
Florida,6,MA.6.DP.1.2,"Given a numerical data set within a real-world context, find and interpret mean, median, mode and range."
Florida,6,MA.6.DP.1.3,"Given a box plot within a real-world context, determine the minimum, the lower quartile, the median, the upper quartile and the maximum. Use this summary of the data to describe the spread and distribution of the data."
Florida,6,MA.6.DP.1.4,"Given a histogram or line plot within a real-world context, qualitatively describe and interpret the spread and distribution of the data, including any symmetry, skewness, gaps, clusters, outliers and the range."
Florida,6,MA.6.DP.1.5,Create box plots and histograms to represent sets of numerical data within real-world contexts.
Florida,6,MA.6.DP.1.6,"Given a real-world scenario, determine and describe how changes in data values impact measures of center and variation."
Florida,7,MA.7.NSO.1.1,"Know and apply the Laws of Exponents to evaluate numerical expressions and generate equivalent numerical expressions, limited to whole-number exponents and rational number bases."
Florida,7,MA.7.NSO.1.2,"Rewrite rational numbers in different but equivalent forms including fractions, mixed numbers, repeating decimals and percentages to solve mathematical and real-world problems."
Florida,7,MA.7.NSO.2.1,"Solve mathematical problems using multi-step order of operations with rational numbers including grouping symbols, whole-number exponents and absolute value."
Florida,7,MA.7.NSO.2.2,"Add, subtract, multiply and divide rational numbers with procedural fluency."
Florida,7,MA.7.NSO.2.3,Solve real-world problems involving any of the four operations with rational numbers.
Florida,7,MA.7.AR.1.1,Apply properties of operations to add and subtract linear expressions with rational coefficients.
Florida,7,MA.7.AR.1.2,Determine whether two linear expressions are equivalent.
Florida,7,MA.7.AR.2.1,Write and solve one-step inequalities in one variable within a mathematical context and represent solutions algebraically or graphically.
Florida,7,MA.7.AR.2.2,"Write and solve two-step equations in one variable within a mathematical or real-world context, where all terms are rational numbers."
Florida,7,MA.7.AR.3.1,Apply previous understanding of percentages and ratios to solve multi-step real-world percent problems.
Florida,7,MA.7.AR.3.2,Apply previous understanding of ratios to solve real-world problems involving proportions.
Florida,7,MA.7.AR.3.3,Solve mathematical and real-world problems involving the conversion of units across different measurement systems.
Florida,7,MA.7.AR.4.1,"Determine whether two quantities have a proportional relationship by examining a table, graph or written description."
Florida,7,MA.7.AR.4.2,"Determine the constant of proportionality within a mathematical or real-world context given a table, graph or written description of a proportional relationship."
Florida,7,MA.7.AR.4.3,"Given a mathematical or real-world context, graph proportional relationships from a table, equation or a written description."
Florida,7,MA.7.AR.4.4,"Given any representation of a proportional relationship, translate the representation to a written description, table or equation."
Florida,7,MA.7.AR.4.5,Solve real-world problems involving proportional relationships.
Florida,7,MA.7.GR.1.1,"Apply formulas to find the areas of trapezoids, parallelograms and rhombi."
Florida,7,MA.7.GR.1.2,Solve mathematical or real-world problems involving the area of polygons or composite figures by decomposing them into triangles or quadrilaterals.
Florida,7,MA.7.GR.1.3,Explore the proportional relationship between circumferences and diameters of circles. Apply a formula for the circumference of a circle to solve mathematical and real-world problems.
Florida,7,MA.7.GR.1.4,Explore and apply a formula to find the area of a circle to solve mathematical and real-world problems.
Florida,7,MA.7.GR.1.5,"Solve mathematical and real-world problems involving dimensions and areas of geometric figures, including scale drawings and scale factors."
Florida,7,MA.7.GR.2.1,"Given a mathematical or real-world context, find the surface area of a right circular cylinder using the figure's net."
Florida,7,MA.7.GR.2.2,Solve real-world problems involving surface area of right circular cylinders.
Florida,7,MA.7.GR.2.3,Solve mathematical and real-world problems involving volume of right circular cylinders.
Florida,7,MA.7.DP.1.1,"Determine an appropriate measure of center or measure of variation to summarize numerical data, represented numerically or graphically, taking into consideration the context and any outliers."
Florida,7,MA.7.DP.1.2,"Given two numerical or graphical representations of data, use the measure(s) of center and measure(s) of variability to make comparisons, interpret results and draw conclusions about the two populations."
Florida,7,MA.7.DP.1.3,"Given categorical data from a random sample, use proportional relationships to make predictions about a population."
Florida,7,MA.7.DP.1.4,"Use proportional reasoning to construct, display and interpret data in circle graphs."
Florida,7,MA.7.DP.1.5,"Given a real-world numerical or categorical data set, choose and create an appropriate graphical representation."
Florida,7,MA.7.DP.2.1,Determine the sample space for a simple experiment.
Florida,7,MA.7.DP.2.2,"Given the probability of a chance event, interpret the likelihood of it occurring. Compare the probabilities of chance events."
Florida,7,MA.7.DP.2.3,Find the theoretical probability of an event related to a simple experiment.
Florida,7,MA.7.DP.2.4,Use a simulation of a simple experiment to find experimental probabilities and compare them to theoretical probabilities.
Florida,8,MA.8.NSO.1.1,Extend previous understanding of rational numbers to define irrational numbers within the real number system. Locate an approximate value of a numerical expression involving irrational numbers on a number line.
Florida,8,MA.8.NSO.1.2,"Plot, order and compare rational and irrational numbers, represented in various forms."
Florida,8,MA.8.NSO.1.3,"Extend previous understanding of the Laws of Exponents to include integer exponents. Apply the Laws of Exponents to evaluate numerical expressions and generate equivalent numerical expressions, limited to integer exponents and rational number bases, with procedural fluency."
Florida,8,MA.8.NSO.1.4,Express numbers in scientific notation to represent and approximate very large or very small quantities. Determine how many times larger or smaller one number is compared to a second number.
Florida,8,MA.8.NSO.1.5,"Add, subtract, multiply and divide numbers expressed in scientific notation with procedural fluency."
Florida,8,MA.8.NSO.1.6,Solve real-world problems involving operations with numbers expressed in scientific notation.
Florida,8,MA.8.NSO.1.7,Solve multi-step mathematical and real-world problems involving the order of operations with rational numbers including exponents and radicals.
Florida,8,MA.8.AR.1.1,"Apply the Laws of Exponents to generate equivalent algebraic expressions, limited to integer exponents and monomial bases."
Florida,8,MA.8.AR.1.2,Apply properties of operations to multiply two linear expressions with rational coefficients.
Florida,8,MA.8.AR.1.3,Rewrite the sum of two algebraic expressions having a common monomial factor as a common factor multiplied by the sum of two algebraic expressions.
Florida,8,MA.8.AR.2.1,"Solve multi-step linear equations in one variable, with rational number coefficients. Include equations with variables on both sides."
Florida,8,MA.8.AR.2.2,Solve two-step linear inequalities in one variable and represent solutions algebraically and graphically.
Florida,8,MA.8.AR.2.3,"Given an equation in the form of x² = p and x³ = q, where p is a whole number and q is an integer, determine the real solutions."
Florida,8,MA.8.AR.3.1,Determine if a linear relationship is also a proportional relationship.
Florida,8,MA.8.AR.3.2,"Given a table, graph or written description of a linear relationship, determine the slope."
Florida,8,MA.8.AR.3.3,"Given a table, graph or written description of a linear relationship, write an equation in slope-intercept form."
Florida,8,MA.8.AR.3.4,"Given a mathematical or real-world context, graph a two-variable linear equation from a written description, a table or an equation in slope-intercept form."
Florida,8,MA.8.AR.3.5,"Given a real-world context, determine and interpret the slope and y-intercept of a two-variable linear equation from a written description, a table, a graph or an equation in slope-intercept form."
Florida,8,MA.8.AR.4.1,"Given a system of two linear equations and a specified set of possible solutions, determine which ordered pairs satisfy the system of linear equations."
Florida,8,MA.8.AR.4.2,"Given a system of two linear equations represented graphically on the same coordinate plane, determine whether there is one solution, no solution or infinitely many solutions."
Florida,8,MA.8.AR.4.3,"Given a mathematical or real-world context, solve systems of two linear equations by graphing."
Florida,8,MA.8.F.1.1,"Given a set of ordered pairs, a table, a graph or mapping diagram, determine whether the relationship is a function. Identify the domain and range of the relation."
Florida,8,MA.8.F.1.2,"Given a function defined by a graph or an equation, determine whether the function is a linear function. Given an input-output table, determine whether it could represent a linear function."
Florida,8,MA.8.F.1.3,"Analyze a real-world written description or graphical representation of a functional relationship between two quantities and identify where the function is increasing, decreasing or constant."
Florida,8,MA.8.GR.1.1,Apply the Pythagorean Theorem to solve mathematical and real-world problems involving unknown side lengths in right triangles.
Florida,8,MA.8.GR.1.2,Apply the Pythagorean Theorem to solve mathematical and real-world problems involving the distance between two points in a coordinate plane.
Florida,8,MA.8.GR.1.3,Use the Triangle Inequality Theorem to determine if a triangle can be formed from a given set of sides. Use the converse of the Pythagorean Theorem to determine if a right triangle can be formed from a given set of sides.
Florida,8,MA.8.GR.1.4,"Solve mathematical problems involving the relationships between supplementary, complementary, vertical or adjacent angles."
Florida,8,MA.8.GR.1.5,Solve problems involving the relationships of interior and exterior angles of a triangle.
Florida,8,MA.8.GR.1.6,Develop and use formulas for the sums of the interior angles of regular polygons by decomposing them into triangles.
Florida,8,MA.8.GR.2.1,"Given a preimage and image generated by a single transformation, identify the transformation that describes the relationship."
Florida,8,MA.8.GR.2.2,"Given a preimage and image generated by a single dilation, identify the scale factor that describes the relationship."
Florida,8,MA.8.GR.2.3,Describe and apply the effect of a single transformation on two-dimensional figures using coordinates and the coordinate plane.
Florida,8,MA.8.GR.2.4,Solve mathematical and real-world problems involving proportional relationships between similar triangles.
Florida,8,MA.8.DP.1.1,"Given a set of real-world bivariate numerical data, construct a scatter plot or a line graph as appropriate for the context."
Florida,8,MA.8.DP.1.2,"Given a scatter plot within a real-world context, describe patterns of association."
Florida,8,MA.8.DP.1.3,"Given a scatter plot with a linear association, informally fit a straight line."
Florida,8,MA.8.DP.2.1,Determine the sample space for a repeated experiment.
Florida,8,MA.8.DP.2.2,Find the theoretical probability of an event related to a repeated experiment.
Florida,8,MA.8.DP.2.3,"Solve real-world problems involving probabilities related to single or repeated experiments, including making predictions based on theoretical probability."
Florida,Algebra 1,MA.912.NSO.1.1,Extend previous understanding of the Laws of Exponents to include rational exponents. Apply the Laws of Exponents to evaluate numerical expressions and generate equivalent numerical expressions involving rational exponents.
Florida,Algebra 1,MA.912.NSO.1.2,Generate equivalent algebraic expressions using the properties of exponents.
Florida,Algebra 1,MA.912.NSO.1.4,"Apply previous understanding of operations with rational numbers to add, subtract, multiply and divide numerical radicals."
Florida,Algebra 1,MA.912.AR.1.1,"Identify and interpret parts of an equation or expression that represent a quantity in terms of a mathematical or real-world context, including viewing one or more of its parts as a single entity."
Florida,Algebra 1,MA.912.AR.1.2,Rearrange equations or formulas to isolate a quantity of interest.
Florida,Algebra 1,MA.912.AR.1.3,"Add, subtract and multiply polynomial expressions with rational number coefficients."
Florida,Algebra 1,MA.912.AR.1.4,Divide a polynomial expression by a monomial expression with rational number coefficients.
Florida,Algebra 1,MA.912.AR.1.7,Rewrite a polynomial expression as a product of polynomials over the real number system.
Florida,Algebra 1,MA.912.AR.2.1,"Given a real-world context, write and solve one-variable multi-step linear equations."
Florida,Algebra 1,MA.912.AR.2.2,"Write a linear two-variable equation to represent relationships between quantities from a graph, a written description or a table of values within a mathematical or real-world context."
Florida,Algebra 1,MA.912.AR.2.3,Write a linear two-variable equation for a line that is parallel or perpendicular to a given line and goes through a given point.
Florida,Algebra 1,MA.912.AR.2.4,"Given a table, equation or written description of a linear function, graph that function, and determine and interpret its key features."
Florida,Algebra 1,MA.912.AR.2.5,Solve and graph mathematical and real-world problems that are modeled with linear functions. Interpret key features and determine constraints in terms of the context.
Florida,Algebra 1,MA.912.AR.2.6,"Given a mathematical or real-world context, write and solve one-variable linear inequalities, including compound inequalities. Represent solutions algebraically or graphically."
Florida,Algebra 1,MA.912.AR.2.7,Write two-variable linear inequalities to represent relationships between quantities from a graph or a written description within a mathematical or real-world context.
Florida,Algebra 1,MA.912.AR.2.8,"Given a mathematical or real-world context, graph the solution set to a two-variable linear inequality."
Florida,Algebra 1,MA.912.AR.3.1,"Given a mathematical or real-world context, write and solve one-variable quadratic equations over the real number system."
Florida,Algebra 1,MA.912.AR.3.4,"Write a quadratic function to represent the relationship between two quantities from a graph, a written description or a table of values within a mathematical or real-world context."
Florida,Algebra 1,MA.912.AR.3.5,"Given the x-intercepts and another point on the graph of a quadratic function, write the equation for the function."
Florida,Algebra 1,MA.912.AR.3.6,"Given an expression or equation representing a quadratic function, determine the vertex and zeros and interpret them in terms of a real-world context."
Florida,Algebra 1,MA.912.AR.3.7,"Given a table, equation or written description of a quadratic function, graph that function, and determine and interpret its key features."
Florida,Algebra 1,MA.912.AR.3.8,Solve and graph mathematical and real-world problems that are modeled with quadratic functions. Interpret key features and determine constraints in terms of the context.
Florida,Algebra 1,MA.912.AR.4.1,"Given a mathematical or real-world context, write and solve one-variable absolute value equations."
Florida,Algebra 1,MA.912.AR.4.3,"Given a table, equation or written description of an absolute value function, graph that function and determine its key features."
Florida,Algebra 1,MA.912.AR.5.3,"Given a mathematical or real-world context, classify an exponential function as representing growth or decay."
Florida,Algebra 1,MA.912.AR.5.4,"Write an exponential function to represent a relationship between two quantities from a graph, a written description or a table of values within a mathematical or real-world context."
Florida,Algebra 1,MA.912.AR.5.6,"Given a table, equation or written description of an exponential function, graph that function and determine its key features."
Florida,Algebra 1,MA.912.AR.9.1,"Given a mathematical or real-world context, write and solve a system of two-variable linear equations algebraically or graphically."
Florida,Algebra 1,MA.912.AR.9.4,Graph the solution set of a system of two-variable linear inequalities.
Florida,Algebra 1,MA.912.AR.9.6,"Given a real-world context, represent constraints as systems of linear equations or inequalities. Interpret solutions to problems as viable or non-viable options."
Florida,Algebra 1,MA.912.F.1.1,"Given an equation or graph that defines a function, classify the function type. Given an input-output table, determine a function type that could represent it."
Florida,Algebra 1,MA.912.F.1.2,"Given a function represented in function notation, evaluate the function for an input in its domain. For a real-world context, interpret the output."
Florida,Algebra 1,MA.912.F.1.3,"Calculate and interpret the average rate of change of a real-world situation represented graphically, algebraically or in a table over a specified interval."
Florida,Algebra 1,MA.912.F.1.5,"Compare key features of linear functions each represented algebraically, graphically, in tables or written descriptions."
Florida,Algebra 1,MA.912.F.1.6,"Compare key features of linear and nonlinear functions each represented algebraically, graphically, in tables or written descriptions."
Florida,Algebra 1,MA.912.F.1.8,"Determine whether a linear, quadratic or exponential function best models a given real-world situation."
Florida,Algebra 1,MA.912.F.2.1,"Identify the effect on the graph or table of a given function after replacing f(x) by f(x) + k, kf(x), f(kx) and f(x + k) for specific values of k."
Florida,Algebra 1,MA.912.FL.3.2,"Solve real-world problems involving simple, compound and continuously compounded interest."
Florida,Algebra 1,MA.912.FL.3.4,Explain the relationship between simple interest and linear growth. Explain the relationship between compound interest and exponential growth and the relationship between continuously compounded interest and exponential growth.
Florida,Algebra 1,MA.912.DP.1.1,"Given a set of data, select an appropriate method to represent the data, depending on whether it is numerical or categorical data and on whether it is univariate or bivariate."
Florida,Algebra 1,MA.912.DP.1.2,"Interpret data distributions represented in various ways. State whether the data is numerical or categorical, whether it is univariate or bivariate and interpret the different components and quantities in the display."
Florida,Algebra 1,MA.912.DP.1.3,Explain the difference between correlation and causation in the contexts of both numerical and categorical data.
Florida,Algebra 1,MA.912.DP.1.4,"Estimate a population total, mean or percentage using data from a sample survey; develop a margin of error through the use of simulation."
Florida,Algebra 1,MA.912.DP.2.4,Fit a linear function to bivariate numerical data that suggests a linear association and interpret the slope and y-intercept of the model. Use the model to solve real-world problems in terms of the context of the data.
Florida,Algebra 1,MA.912.DP.2.6,"Given a scatter plot with a line of fit and residuals, determine the strength and direction of the correlation. Interpret strength and direction within a real-world context."
Florida,Algebra 1,MA.912.DP.3.1,Construct a two-way frequency table summarizing bivariate categorical data. Interpret joint and marginal frequencies and determine possible associations in terms of a real-world context.
Florida,Geometry,MA.912.GR.1.1,"Prove relationships and theorems about lines and angles. Solve mathematical and real-world problems involving postulates, relationships and theorems of lines and angles."
Florida,Geometry,MA.912.GR.1.2,"Prove triangle congruence or similarity using Side-Side-Side, Side-Angle-Side, Angle-Side-Angle, Angle-Angle-Side, Angle-Angle and Hypotenuse-Leg."
Florida,Geometry,MA.912.GR.1.3,"Prove relationships and theorems about triangles. Solve mathematical and real-world problems involving postulates, relationships and theorems of triangles."
Florida,Geometry,MA.912.GR.1.4,"Prove relationships and theorems about parallelograms. Solve mathematical and real-world problems involving postulates, relationships and theorems of parallelograms."
Florida,Geometry,MA.912.GR.1.5,"Prove relationships and theorems about trapezoids. Solve mathematical and real-world problems involving postulates, relationships and theorems of trapezoids."
Florida,Geometry,MA.912.GR.1.6,Solve mathematical and real-world problems involving congruence or similarity in two-dimensional figures.
Florida,Geometry,MA.912.GR.2.1,"Given a preimage and image, describe the transformation and represent the transformation algebraically using coordinates."
Florida,Geometry,MA.912.GR.2.2,Identify transformations that do or do not preserve distance.
Florida,Geometry,MA.912.GR.2.3,Identify a sequence of transformations that will map a given figure onto itself or onto another congruent or similar figure.
Florida,Geometry,MA.912.GR.2.5,"Given a geometric figure and a sequence of transformations, draw the transformed figure on a coordinate plane."
Florida,Geometry,MA.912.GR.2.6,Apply rigid transformations to map one figure onto another to justify that the two figures are congruent.
Florida,Geometry,MA.912.GR.2.8,Apply an appropriate transformation to map one figure onto another to justify that the two figures are similar.
Florida,Geometry,MA.912.GR.3.1,Determine the weighted average of two or more points on a line.
Florida,Geometry,MA.912.GR.3.2,"Given a mathematical context, use coordinate geometry to classify or justify definitions, properties and theorems involving circles, triangles or quadrilaterals."
Florida,Geometry,MA.912.GR.3.3,"Use coordinate geometry to solve mathematical and real-world geometric problems involving lines, circles, triangles and quadrilaterals."
Florida,Geometry,MA.912.GR.3.4,Use coordinate geometry to solve mathematical and real-world problems on the coordinate plane involving perimeter or area of polygons.
Florida,Geometry,MA.912.GR.4.1,Identify the shapes of two-dimensional cross-sections of three-dimensional figures.
Florida,Geometry,MA.912.GR.4.2,Identify three-dimensional objects generated by rotations of two-dimensional figures.
Florida,Geometry,MA.912.GR.4.3,Extend previous understanding of scale drawings and scale factors to determine how dilations affect the area of two-dimensional figures and the surface area or volume of three-dimensional figures.
Florida,Geometry,MA.912.GR.4.4,Solve mathematical and real-world problems involving the area of two-dimensional figures.
Florida,Geometry,MA.912.GR.4.5,"Solve mathematical and real-world problems involving the volume of three-dimensional figures limited to cylinders, pyramids, prisms, cones and spheres."
Florida,Geometry,MA.912.GR.4.6,"Solve mathematical and real-world problems involving the surface area of three-dimensional figures limited to cylinders, pyramids, prisms, cones and spheres."
Florida,Geometry,MA.912.GR.5.1,Construct a copy of a segment or an angle.
Florida,Geometry,MA.912.GR.5.2,"Construct the bisector of a segment or an angle, including the perpendicular bisector of a line segment."
Florida,Geometry,MA.912.GR.5.3,Construct the inscribed and circumscribed circles of a triangle.
Florida,Geometry,MA.912.GR.6.1,"Solve mathematical and real-world problems involving the length of a secant, tangent, segment or chord in a given circle."
Florida,Geometry,MA.912.GR.6.2,Solve mathematical and real-world problems involving the measures of arcs and related angles.
Florida,Geometry,MA.912.GR.6.3,Solve mathematical problems involving triangles and quadrilaterals inscribed in a circle.
Florida,Geometry,MA.912.GR.6.4,Solve mathematical and real-world problems involving the arc length and area of a sector in a given circle.
Florida,Geometry,MA.912.GR.7.2,"Given a mathematical or real-world context, derive and create the equation of a circle using key features."
Florida,Geometry,MA.912.GR.7.3,Graph and solve mathematical and real-world problems that are modeled with an equation of a circle. Determine and interpret key features in terms of the context.
Florida,Geometry,MA.912.T.1.1,Define trigonometric ratios for acute angles in right triangles.
Florida,Geometry,MA.912.T.1.2,Solve mathematical and real-world problems involving right triangles using trigonometric ratios and the Pythagorean Theorem.
Florida,Geometry,MA.912.LT.4.3,"Identify and accurately interpret “if…then,” “if and only if,” “all” and “not” statements. Find the converse, inverse and contrapositive of a statement."
Florida,Geometry,MA.912.LT.4.10,Judge the validity of arguments and give counterexamples to disprove statements.
Florida,Algebra 2,MA.912.NSO.1.3,Generate equivalent algebraic expressions involving radicals or rational exponents using the properties of exponents.
Florida,Algebra 2,MA.912.NSO.1.5,"Add, subtract, multiply and divide algebraic expressions involving radicals."
Florida,Algebra 2,MA.912.NSO.1.6,"Given a numerical logarithmic expression, evaluate and generate equivalent numerical expressions using the properties of logarithms or exponents."
Florida,Algebra 2,MA.912.NSO.1.7,"Given an algebraic logarithmic expression, generate an equivalent algebraic expression using the properties of logarithms or exponents."
Florida,Algebra 2,MA.912.NSO.2.1,"Extend previous understanding of the real number system to include the complex number system. Add, subtract, multiply and divide complex numbers."
Florida,Algebra 2,MA.912.AR.1.1,"Identify and interpret parts of an equation or expression that represent a quantity in terms of a mathematical or real-world context, including viewing one or more of its parts as a single entity."
Florida,Algebra 2,MA.912.AR.1.3,"Add, subtract and multiply polynomial expressions with rational number coefficients."
Florida,Algebra 2,MA.912.AR.1.5,"Divide polynomial expressions using long division, synthetic division or algebraic manipulation."
Florida,Algebra 2,MA.912.AR.1.6,"Solve mathematical and real-world problems involving addition, subtraction, multiplication or division of polynomials."
Florida,Algebra 2,MA.912.AR.1.8,Rewrite a polynomial expression as a product of polynomials over the real or complex number system.
Florida,Algebra 2,MA.912.AR.1.9,"Apply previous understanding of rational number operations to add, subtract, multiply and divide rational algebraic expressions."
Florida,Algebra 2,MA.912.AR.3.2,"Given a mathematical or real-world context, write and solve one-variable quadratic equations over the real and complex number systems."
Florida,Algebra 2,MA.912.AR.3.3,"Given a mathematical or real-world context, write and solve one-variable quadratic inequalities over the real number system. Represent solutions algebraically or graphically."
Florida,Algebra 2,MA.912.AR.3.4,"Write a quadratic function to represent the relationship between two quantities from a graph, a written description or a table of values within a mathematical or real-world context."
Florida,Algebra 2,MA.912.AR.3.8,Solve and graph mathematical and real-world problems that are modeled with quadratic functions. Interpret key features and determine constraints in terms of the context.
Florida,Algebra 2,MA.912.AR.3.9,"Given a mathematical or real-world context, write two-variable quadratic inequalities to represent relationships between quantities from a graph or a written description."
Florida,Algebra 2,MA.912.AR.3.10,"Given a mathematical or real-world context, graph the solution set to a two-variable quadratic inequality."
Florida,Algebra 2,MA.912.AR.4.2,"Given a mathematical or real-world context, write and solve one-variable absolute value inequalities. Represent solutions algebraically or graphically."
Florida,Algebra 2,MA.912.AR.4.4,Solve and graph mathematical and real-world problems that are modeled with absolute value functions. Interpret key features and determine constraints in terms of the context.
Florida,Algebra 2,MA.912.AR.5.2,Solve one-variable equations involving logarithms or exponential expressions. Interpret solutions as viable in terms of the context and identify any extraneous solutions.
Florida,Algebra 2,MA.912.AR.5.4,"Write an exponential function to represent a relationship between two quantities from a graph, a written description or a table of values within a mathematical or real-world context."
Florida,Algebra 2,MA.912.AR.5.5,"Given an expression or equation representing an exponential function, reveal the constant percent rate of change per unit interval using the properties of exponents. Interpret the constant percent rate of change in terms of a real-world context."
Florida,Algebra 2,MA.912.AR.5.7,Solve and graph mathematical and real-world problems that are modeled with exponential functions. Interpret key features and determine constraints in terms of the context.
Florida,Algebra 2,MA.912.AR.5.8,"Given a table, equation or written description of a logarithmic function, graph that function and determine its key features."
Florida,Algebra 2,MA.912.AR.5.9,Solve and graph mathematical and real-world problems that are modeled with logarithmic functions. Interpret key features and determine constraints in terms of the context.
Florida,Algebra 2,MA.912.AR.6.1,"Given a mathematical or real-world context, when suitable factorization is possible, solve one-variable polynomial equations of degree 3 or higher over the real and complex number systems."
Florida,Algebra 2,MA.912.AR.6.5,"Sketch a rough graph of a polynomial function of degree 3 or higher using zeros, multiplicity and knowledge of end behavior."
Florida,Algebra 2,MA.912.AR.7.1,Solve one-variable radical equations. Interpret solutions as viable in terms of context and identify any extraneous solutions.
Florida,Algebra 2,MA.912.AR.7.2,"Given a table, equation or written description of a square root or cube root function, graph that function and determine its key features."
Florida,Algebra 2,MA.912.AR.7.3,Solve and graph mathematical and real-world problems that are modeled with square root or cube root functions. Interpret key features and determine constraints in terms of the context.
Florida,Algebra 2,MA.912.AR.8.1,Write and solve one-variable rational equations. Interpret solutions as viable in terms of the context and identify any extraneous solutions.
Florida,Algebra 2,MA.912.AR.8.2,"Given a table, equation or written description of a rational function, graph that function and determine its key features."
Florida,Algebra 2,MA.912.AR.8.3,Solve and graph mathematical and real-world problems that are modeled with rational functions. Interpret key features and determine constraints in terms of the context.
Florida,Algebra 2,MA.912.AR.9.2,"Given a mathematical or real-world context, solve a system consisting of a two-variable linear equation and a non-linear equation algebraically or graphically."
Florida,Algebra 2,MA.912.AR.9.3,"Given a mathematical or real-world context, solve a system consisting of two-variable linear or non-linear equations algebraically or graphically."
Florida,Algebra 2,MA.912.AR.9.5,Graph the solution set of a system of two-variable inequalities.
Florida,Algebra 2,MA.912.AR.9.7,"Given a real-world context, represent constraints as systems of linear and non-linear equations or inequalities. Interpret solutions to problems as viable or non-viable options."
Florida,Algebra 2,MA.912.F.1.1,"Given an equation or graph that defines a function, classify the function type. Given an input-output table, determine a function type that could represent it."
Florida,Algebra 2,MA.912.F.1.7,"Compare key features of two functions each represented algebraically, graphically, in tables or written descriptions."
Florida,Algebra 2,MA.912.F.1.9,"Determine whether a function is even, odd or neither when represented algebraically, graphically or in a table."
Florida,Algebra 2,MA.912.F.2.2,Identify the effect on the graph of a given function of two or more transformations defined by adding a real number to the x- or y-values or multiplying the x- or y-values by a real number.
Florida,Algebra 2,MA.912.F.2.3,"Given the graph or table of f(x) and the graph or table of f(x) + k, kf(x), f(kx) and f(x + k), state the type of transformation and find the value of the real number k."
Florida,Algebra 2,MA.912.F.2.5,"Given a table, equation or graph that represents a function, create a corresponding table, equation or graph of the transformed function defined by adding a real number to the x- or y-values or multiplying the x- or y-values by a real number."
Florida,Algebra 2,MA.912.F.3.2,"Given a mathematical or real-world context, combine two or more functions, limited to linear, quadratic, exponential and polynomial, using arithmetic operations. When appropriate, include domain restrictions for the new function."
Florida,Algebra 2,MA.912.F.3.4,Represent the composition of two functions algebraically or in a table. Determine the domain and range of the composite function.
Florida,Algebra 2,MA.912.F.3.6,"Determine whether an inverse function exists by analyzing tables, graphs and equations."
Florida,Algebra 2,MA.912.F.3.7,"Represent the inverse of a function algebraically, graphically or in a table. Use composition of functions to verify that one function is the inverse of the other."
Florida,Algebra 2,MA.912.FL.3.1,"Compare simple, compound and continuously compounded interest over time."
Florida,Algebra 2,MA.912.FL.3.2,"Solve real-world problems involving simple, compound and continuously compounded interest."
Florida,Algebra 2,MA.912.FL.3.4,Explain the relationship between simple interest and linear growth. Explain the relationship between compound interest and exponential growth and the relationship between continuously compounded interest and exponential growth.
Florida,Algebra 2,MA.912.DP.2.8,Fit a quadratic function to bivariate numerical data that suggests a quadratic association and interpret any intercepts or the vertex of the model. Use the model to solve real-world problems in terms of the context of the data.
Florida,Algebra 2,MA.912.DP.2.9,Fit an exponential function to bivariate numerical data that suggests an exponential association. Use the model to solve real-world problems in terms of the context of the data.
Florida,Precalculus Honors,MA.912.NSO.2.2,"Represent addition, subtraction, multiplication and conjugation of complex numbers geometrically on the complex plane."
Florida,Precalculus Honors,MA.912.NSO.2.3,Calculate the distance and midpoint between two numbers on the complex coordinate plane.
Florida,Precalculus Honors,MA.912.NSO.2.4,Solve mathematical and real-world problems involving complex numbers represented algebraically or on the coordinate plane.
Florida,Precalculus Honors,MA.912.NSO.2.5,Represent complex numbers on the complex plane in rectangular and polar forms.
Florida,Precalculus Honors,MA.912.NSO.2.6,Rewrite complex numbers to trigonometric form. Multiply complex numbers in trigonometric form.
Florida,Precalculus Honors,MA.912.NSO.3.1,Apply appropriate notation and symbols to represent vectors in the plane as directed line segments. Determine the magnitude and direction of a vector in component form.
Florida,Precalculus Honors,MA.912.NSO.3.2,"Represent vectors in component form, linear form or trigonometric form. Rewrite vectors from one form to another."
Florida,Precalculus Honors,MA.912.NSO.3.3,Solve mathematical and real-world problems involving velocity and other quantities that can be represented by vectors.
Florida,Precalculus Honors,MA.912.NSO.3.4,Solve mathematical and real-world problems involving vectors in two dimensions using the dot product and vector projections.
Florida,Precalculus Honors,MA.912.NSO.3.6,Multiply a vector by a scalar algebraically or graphically.
Florida,Precalculus Honors,MA.912.NSO.3.7,Compute the magnitude and direction of a vector scalar multiple.
Florida,Precalculus Honors,MA.912.NSO.3.8,Add and subtract vectors algebraically or graphically.
Florida,Precalculus Honors,MA.912.NSO.3.9,"Given the magnitude and direction of two or more vectors, determine the magnitude and direction of their sum."
Florida,Precalculus Honors,MA.912.AR.5.7,Solve and graph mathematical and real-world problems that are modeled with exponential functions. Interpret key features and determine constraints in terms of the context.
Florida,Precalculus Honors,MA.912.AR.5.9,Solve and graph mathematical and real-world problems that are modeled with logarithmic functions. Interpret key features and determine constraints in terms of the context.
Florida,Precalculus Honors,MA.912.AR.6.3,Explain and apply theorems for polynomials to solve mathematical and real-world problems.
Florida,Precalculus Honors,MA.912.AR.6.4,"Given a table, equation or written description of a polynomial function of degree 3 or higher, graph that function and determine its key features."
Florida,Precalculus Honors,MA.912.AR.6.6,Solve and graph mathematical and real-world problems that are modeled with polynomial functions of degree 3 or higher. Interpret key features and determine constraints in terms of the context.
Florida,Precalculus Honors,MA.912.AR.7.4,Solve and graph mathematical and real-world problems that are modeled with radical functions. Interpret key features and determine constraints in terms of the context.
Florida,Precalculus Honors,MA.912.AR.8.3,Solve and graph mathematical and real-world problems that are modeled with rational functions. Interpret key features and determine constraints in terms of the context.
Florida,Precalculus Honors,MA.912.AR.9.3,"Given a mathematical or real-world context, solve a system consisting of two-variable linear or non-linear equations algebraically or graphically."
Florida,Precalculus Honors,MA.912.AR.9.10,Solve and graph mathematical and real-world problems that are modeled with piecewise functions. Interpret key features and determine constraints in terms of the context.
Florida,Precalculus Honors,MA.912.AR.10.1,"Given a mathematical or real-world context, write and solve problems involving arithmetic sequences."
Florida,Precalculus Honors,MA.912.AR.10.2,"Given a mathematical or real-world context, write and solve problems involving geometric sequences."
Florida,Precalculus Honors,MA.912.AR.10.3,Recognize and apply the formula for the sum of a finite arithmetic series to solve mathematical and real-world problems.
Florida,Precalculus Honors,MA.912.AR.10.4,Recognize and apply the formula for the sum of a finite or an infinite geometric series to solve mathematical and real-world problems.
Florida,Precalculus Honors,MA.912.AR.10.5,"Given a mathematical or real-world context, write a sequence using function notation, defined explicitly or recursively, to represent relationships between quantities from a written description."
Florida,Precalculus Honors,MA.912.F.1.4,Write an algebraic expression that represents the difference quotient of a function. Calculate the numerical value of the difference quotient at a given pair of points.
Florida,Precalculus Honors,MA.912.F.1.7,"Compare key features of two functions each represented algebraically, graphically, in tables or written descriptions."
Florida,Precalculus Honors,MA.912.F.3.3,Solve mathematical and real-world problems involving functions that have been combined using arithmetic operations.
Florida,Precalculus Honors,MA.912.F.3.4,Represent the composition of two functions algebraically or in a table. Determine the domain and range of the composite function.
Florida,Precalculus Honors,MA.912.F.3.5,Solve mathematical and real-world problems involving composite functions.
Florida,Precalculus Honors,MA.912.F.3.7,"Represent the inverse of a function algebraically, graphically or in a table. Use composition of functions to verify that one function is the inverse of the other."
Florida,Precalculus Honors,MA.912.F.3.8,Produce an invertible function from a non-invertible function by restricting the domain.
Florida,Precalculus Honors,MA.912.F.3.9,Solve mathematical and real-world problems involving inverse functions.
Florida,Precalculus Honors,MA.912.GR.7.1,"Given a conic section, describe how it can result from the slicing of two cones."
Florida,Precalculus Honors,MA.912.GR.7.2,"Given a mathematical or real-world context, derive and create the equation of a circle using key features."
Florida,Precalculus Honors,MA.912.GR.7.3,Graph and solve mathematical and real-world problems that are modeled with an equation of a circle. Determine and interpret key features in terms of the context.
Florida,Precalculus Honors,MA.912.GR.7.4,"Given a mathematical or real-world context, derive and create the equation of a parabola using key features."
Florida,Precalculus Honors,MA.912.GR.7.5,Graph and solve mathematical and real-world problems that are modeled with an equation of a parabola. Determine and interpret key features in terms of the context.
Florida,Precalculus Honors,MA.912.GR.7.6,"Given a mathematical or real-world context, derive and create the equation of an ellipse using key features."
Florida,Precalculus Honors,MA.912.GR.7.7,Graph and solve mathematical and real-world problems that are modeled with an equation of an ellipse. Determine and interpret key features in terms of the context.
Florida,Precalculus Honors,MA.912.GR.7.8,"Given a mathematical or real-world context, derive and create the equation of a hyperbola using key features."
Florida,Precalculus Honors,MA.912.GR.7.9,Graph and solve mathematical and real-world problems that are modeled with an equation of a hyperbola. Determine and interpret key features in terms of the context.
Florida,Precalculus Honors,MA.912.T.1.3,Apply the Law of Sines and the Law of Cosines to solve mathematical and real-world problems involving triangles.
Florida,Precalculus Honors,MA.912.T.1.4,Solve mathematical problems involving finding the area of a triangle given two sides and the included angle.
Florida,Precalculus Honors,MA.912.T.1.5,Prove Pythagorean Identities. Apply Pythagorean Identities to calculate trigonometric ratios and to solve problems.
Florida,Precalculus Honors,MA.912.T.1.6,"Prove the Double-Angle, Half-Angle, Angle Sum and Difference formulas for sine, cosine, and tangent. Apply these formulas to solve problems."
Florida,Precalculus Honors,MA.912.T.1.7,Simplify expressions using trigonometric identities.
Florida,Precalculus Honors,MA.912.T.1.8,Solve mathematical and real-world problems involving one-variable trigonometric ratios.
Florida,Precalculus Honors,MA.912.T.2.1,"Given any positive or negative angle measure in degrees or radians, identify its corresponding angle measure between 0° and 360° or between 0 and 2π. Convert between degrees and radians."
Florida,Precalculus Honors,MA.912.T.2.2,Define the six trigonometric functions for all real numbers by identifying corresponding angle measures and using right triangles drawn in the unit circle.
Florida,Precalculus Honors,MA.912.T.2.3,"Determine the values of the six trigonometric functions for 0, π/6, π/3 and π/4 and their multiples using special triangles."
Florida,Precalculus Honors,MA.912.T.2.4,"Use the unit circle to express the values of sine, cosine and tangent for π - x, π + x and 2π - x in terms of their values for x, where x is any real number."
Florida,Precalculus Honors,MA.912.T.2.5,"Given angles measured in radians or degrees, calculate the values of the six trigonometric functions using the unit circle, trigonometric identities or technology."
Florida,Precalculus Honors,MA.912.T.3.1,"Given a mathematical or real-world context, choose sine, cosine or tangent trigonometric functions to model periodic phenomena with specified amplitude, frequency, horizontal shift and midline."
Florida,Precalculus Honors,MA.912.T.3.2,"Given a table, equation or written description of a trigonometric function, graph that function and determine key features."
Florida,Precalculus Honors,MA.912.T.3.3,Solve and graph mathematical and real-world problems that are modeled with trigonometric functions. Interpret key features and determine constraints in terms of the context.
Florida,Precalculus Honors,MA.912.T.4.1,Define and plot polar coordinates. Convert between polar coordinates and rectangular coordinates with and without the use of technology.
Florida,Precalculus Honors,MA.912.T.4.2,Represent equations given in rectangular coordinates in terms of polar coordinates. Represent equations given in polar coordinates in terms of rectangular coordinates.
Florida,Precalculus Honors,MA.912.T.4.3,Graph equations in the polar coordinate plane with and without the use of graphing technology.
Florida,Precalculus Honors,MA.912.T.4.4,"Identify and graph special polar equations, including circles, cardioids, limaçons, rose curves and lemniscates."
Florida,Precalculus Honors,MA.912.T.4.5,"Sketch the graph of a curve in the plane represented parametrically, indicating the direction of motion."
Florida,Precalculus Honors,MA.912.T.4.6,"Convert from a parametric representation of a plane curve to a rectangular equation, and convert from a rectangular equation to a parametric representation of a plane curve."
Florida,Precalculus Honors,MA.912.T.4.7,Apply parametric equations to model applications involving motion in the plane.
Maryland,K,K.CC.A.1,Count to 100 by ones and by tens.
Maryland,K,K.CC.A.2,Count forward beginning from a given number within the known sequence (instead of having to begin at 1).
Maryland,K,K.CC.A.3,Write numbers from 0 to 20. Represent a number of objects with a written numeral 0-20 (with 0 representing a count of no objects).
Maryland,K,K.CC.B.4,Understand the relationship between numbers and quantities; connect counting to cardinality.
Maryland,K,K.CC.B.4a,"When counting objects, say the number names in the standard order, pairing each object with one and only one number name and each number name with one and only one object."
Maryland,K,K.CC.B.4b,Understand that the last number name said tells the number of objects counted. The number of objects is the same regardless of their arrangement or the order in which they were counted.
Maryland,K,K.CC.B.4c,Understand that each successive number name refers to a quantity that is one larger.
Maryland,K,K.CC.B.5,"Count to answer “how many?” questions about as many as 20 things arranged in a line, a rectangular array, or a circle, or as many as 10 things in a scattered configuration; given a number from 1-20, count out that many objects."
Maryland,K,K.CC.C.6,"Identify whether the number of objects in one group is greater than, less than, or equal to the number of objects in another group, e.g., by using matching and counting strategies (Include groups with up to ten objects)."
Maryland,K,K.CC.C.7,Compare two numbers between 1 and 10 presented as written numerals.
Maryland,K,K.OA.A.1,"Represent addition and subtraction with objects, fingers, mental images, drawings, sounds (e.g., claps), acting out situations, or verbal explanations, expressions, or equations."
Maryland,K,K.OA.A.2,"Solve addition and subtraction word problems, and add and subtract within 10, e.g., by using objects or drawings to represent the problem."
Maryland,K,K.OA.A.3,"Decompose numbers less than or equal to 10 into pairs in more than one way, e.g., by using objects or drawings, and record each decomposition by a drawing or equation (e.g., 5 = 2 + 3 and 5 = 4 + 1)."
Maryland,K,K.OA.A.4,"For any number from 1 to 9, find the number that makes 10 when added to the given number, e.g., by using objects or drawings, and record the answer with a drawing or equation."
Maryland,K,K.OA.A.5,Fluently add and subtract within 5.
Maryland,K,K.NBT.A.1,"Compose and decompose numbers from 11 to 19 into ten ones and some further ones, e.g., by using objects or drawings, and record each composition or decomposition by a drawing or equation (such as 18 = 10 + 8); understand that these numbers are composed of ten ones and one, two, three, four, five, six, seven, eight, or nine ones."
Maryland,K,K.MD.A.1,"Describe measurable attributes of objects, such as length or weight. Describe several measurable attributes of a single object."
Maryland,K,K.MD.A.2,"Directly compare two objects with a measurable attribute in common, to see which object has “more of”/“less of” the attribute, and describe the difference. For example, directly compare the heights of two children and describe one child as taller/shorter."
Maryland,K,K.MD.B.3,Classify objects into given categories; count the number of objects in each category and sort the categories by count (Limit category counts to be less than or equal to 10).
Maryland,K,K.G.A.1,"Describe objects in the environment using names of shapes, and describe the relative positions of these objects using terms such as above, below, beside, in front of, behind, and next to."
Maryland,K,K.G.A.2,Correctly name shapes regardless of their orientations or overall size.
Maryland,K,K.G.A.3,"Identify shapes as two-dimensional (lying in a plane, “flat”) or three-dimensional (“solid”)."
Maryland,K,K.G.B.4,"Analyze and compare two- and three-dimensional shapes, in different sizes and orientations, using informal language to describe their similarities, differences, parts (e.g., number of sides and vertices/“corners”) and other attributes (e.g., having sides of equal length)."
Maryland,K,K.G.B.5,"Model shapes in the world by building shapes from components (e.g., sticks and clay balls) and drawing shapes."
Maryland,K,K.G.B.6,"Compose simple shapes to form larger shapes. For example, “Can you join these two triangles with full sides touching to make a rectangle?”"
Maryland,1,1.OA.A.1,"Use addition and subtraction within 20 to solve word problems involving situations of adding to, taking from, putting together, taking apart, and comparing, with unknowns in all positions, e.g., by using objects, drawings, and equations with a symbol for the unknown number to represent the problem."
Maryland,1,1.OA.A.2,"Solve word problems that call for addition of three whole numbers whose sum is less than or equal to 20, e.g., by using objects, drawings, and equations with a symbol for the unknown number to represent the problem."
Maryland,1,1.OA.B.3,"Apply properties of operations as strategies to add and subtract. Examples: If 8 + 3 = 11 is known, then 3 + 8 = 11 is also known. (Commutative property of addition) To add 2 + 6 + 4, the second two numbers can be added to make a ten, so 2 + 6 + 4 = 2 + 10, which equals 12. (Associative property of addition.) Students need not use formal terms for these properties."
Maryland,1,1.OA.B.4,"Understand subtraction as an unknown addend problem. For example, subtract 10 - 8 by finding the number that makes 10 when added to 8."
Maryland,1,1.OA.C.5,"Relate counting to addition and subtraction (e.g., by counting on 2 to add 2)."
Maryland,1,1.OA.C.6,"Add and subtract within 20, demonstrating fluency for addition and subtraction within 10. Use strategies such as counting on, making ten (e.g. 8 + 6 = 8 + 2 + 4, which leads to 10 + 4 = 14); decomposing a number leading to a ten (e.g., 13 - 4 = 13 - 3 - 1, which leads to 10 - 1 = 9); using the relationship between addition and subtraction (e.g., knowing that 8 + 4 = 12, one knows 12 - 8 = 4); and creating equivalent but easier or known sums (e.g., adding 6 + 7 by creating the known equivalent 6 + 6 + 1 = 12 + 1, which equals 13)."
Maryland,1,1.OA.D.7,"Understand the meaning of the equal sign, and determine if equations involving addition and subtraction are true or false. For example, which of the following equations are true and which are false? 6 = 6, 7 = 8 - 1, 5 + 2 = 2 + 5, 4 + 1 = 5 + 2."
Maryland,1,1.OA.D.8,"Determine the unknown whole number in an addition or subtraction equation relating three whole numbers. For example, determine the unknown number that makes the equation true in each of the equations 8 + ? = 11, 5 = ? - 3, 6 + 6 = ?."
Maryland,1,1.NBT.A.1,"Count to 120 starting at any number less than 120. In this range, read and write numerals and represent a number of objects with a written numeral."
Maryland,1,1.NBT.B.2,Understand that the two digits of a two-digit number represent amounts of tens and ones.
Maryland,1,1.NBT.B.2a,Understand the following as a special case: 10 can be thought of as a bundle of ten ones -- called a “ten.”
Maryland,1,1.NBT.B.2b,"Understand the following as a special case: The numbers from 11 to 19 are composed of a ten and one, two, three, four, five, six, seven, eight, or nine ones."
Maryland,1,1.NBT.B.2c,"Understand the following as a special case: The numbers 10, 20, 30, 40, 50, 60, 70, 80, 90 refer to one, two, three, four, five, six, seven, eight, or nine tens (and 0 ones)."
Maryland,1,1.NBT.B.3,"Compare two two-digit numbers based on meanings of the tens and ones digits, recording the results of comparisons with the symbols >, =, and <."
Maryland,1,1.NBT.C.4,"Add within 100, including adding a two-digit number and a one-digit number, and adding a two-digit number and a multiple of 10, using concrete models or drawings and strategies based on place value, properties of operations, and/or the relationship between addition and subtraction; relate the strategy to a written method and explain the reasoning used. Understand that in adding two-digit numbers, one adds tens and tens, ones and ones, and sometimes it is necessary to compose a ten."
Maryland,1,1.NBT.C.5,"Given a two-digit number, mentally find 10 more or 10 less than the number, without having to count; explain the reasoning used."
Maryland,1,1.NBT.C.6,"Subtract multiples of 10 in the range of 10-90 from multiples of 10 in the range of 10-90 (positive or zero differences), using concrete models or drawings and strategies based on place value, properties of operations, and/or the relationship between addition and subtraction; relate the strategy to a written method and explain the reasoning used."
Maryland,1,1.MD.A.1,Order three objects by length; compare the lengths of two objects indirectly by using a third object.
Maryland,1,1.MD.A.2,"Express the length of an object as a whole number of length units, by laying multiple copies of a shorter object (the length unit) end to end; understand that the length measurement of an object is the number of same-size length units that span it with no gaps or overlaps. Limit to contexts where the object being measured is spanned by a whole number of length units with no gaps or overlaps."
Maryland,1,1.MD.B.3,Tell and write time in hours and half-hours using analog and digital clocks.
Maryland,1,1.MD.C.4,"Organize, represent, and interpret data with up to three categories; ask and answer questions about the total number of data points, how many in each category, and how many more or less are in one category than in another."
Maryland,1,1.G.A.1,"Distinguish between defining attributes (e.g., triangles are closed and three-sided) versus non-defining attributes (e.g., color, orientation, overall size); build and draw shapes to possess defining attributes."
Maryland,1,1.G.A.2,"Compose two-dimensional shapes (rectangles, squares, trapezoids, triangles, half-circles, and quarter-circles) or three-dimensional shapes (cubes, right rectangular prisms, right circular cones, and right circular cylinders) to create a composite shape, and compose new shapes from the composite shape."
Maryland,1,1.G.A.3,"Partition circles and rectangles into two and four equal shares, describe the shares using the words halves, fourths, and quarters, and use the phrases half of, fourth of, and quarter of. Describe the whole as two of, or four of the shares. Understand for these examples that decomposing into more equal shares creates smaller shares."
Maryland,2,2.OA.A.1,"Use addition and subtraction within 100 to solve one- and two-step word problems involving situations of adding to, taking from, putting together, taking apart, and comparing, with unknowns in all positions, e.g., by using objects, drawings, and equations with a symbol for the unknown number to represent the problem."
Maryland,2,2.OA.B.2,"Fluently add and subtract within 20 using mental strategies. By end of Grade 2, know from memory all sums of two one-digit numbers."
Maryland,2,2.OA.C.3,"Determine whether a group of objects (up to 20) has an odd or even number of members, e.g., by pairing objects or counting them by 2s; write an equation to express an even number as a sum of two equal addends."
Maryland,2,2.OA.C.4,Use addition to find the total number of objects arranged in rectangular arrays with up to 5 rows and up to 5 columns; write an equation to express the total as a sum of equal addends.
Maryland,2,2.NBT.A.1,"Understand that the three digits of a three-digit number represent amounts of hundreds, tens, and ones; e.g., 706 equals 7 hundreds, 0 tens, and 6 ones."
Maryland,2,2.NBT.A.1a,Understand the following as a special case: 100 can be thought of as a bundle of ten tens -- called a “hundred.”
Maryland,2,2.NBT.A.1b,"Understand the following as a special case: The numbers 100, 200, 300, 400, 500, 600, 700, 800, 900 refer to one, two, three, four, five, six, seven, eight, or nine hundreds (and 0 tens and 0 ones)."
Maryland,2,2.NBT.A.2,"Count within 1000; skip-count by 5s, 10s, and 100s."
Maryland,2,2.NBT.A.3,"Read and write numbers to 1000 using base-ten numerals, number names, and expanded form."
Maryland,2,2.NBT.A.4,"Compare two three-digit numbers based on meanings of the hundreds, tens, and ones digits, using >, =, and < symbols to record the results of comparisons."
Maryland,2,2.NBT.B.5,"Fluently add and subtract within 100 using strategies based on place value, properties of operations, and/or the relationship between addition and subtraction."
Maryland,2,2.NBT.B.6,"Add up to four two-digit numbers using strategies based on place value, properties of operations."
Maryland,2,2.NBT.B.7,"Add and subtract within 1000, using concrete models or drawings and strategies based on place value, properties of operations, and/or the relationship between addition and subtraction; relate the strategy to a written method. Understand that in adding or subtracting three-digit numbers, one adds or subtracts hundreds and hundreds, tens and tens, ones and ones; and sometimes it is necessary to compose or decompose tens or hundreds."
Maryland,2,2.NBT.B.8,"Mentally add 10 or 100 to a given number 100-900, and mentally subtract 10 or 100 from a given number 100-900."
Maryland,2,2.NBT.B.9,"Explain why addition and subtraction strategies work, using place value and the properties of operations."
Maryland,2,2.MD.A.1,"Measure the length of an object by selecting and using appropriate tools such as rulers, yardsticks, meter sticks, and measuring tapes."
Maryland,2,2.MD.A.2,"Measure the length of an object twice, using length units of different lengths for the two measurements; describe how the two measurements relate to the size of the unit chosen."
Maryland,2,2.MD.A.3,"Estimate lengths using units of inches, feet, centimeters, and meters."
Maryland,2,2.MD.A.4,"Measure to determine how much longer one object is than another, expressing the length difference in terms of a standard length unit."
Maryland,2,2.MD.B.5,"Use addition and subtraction within 100 to solve word problems involving lengths that are given in the same units, e.g., by using drawings (such as drawings of rulers) and equations with a symbol for the unknown number to represent the problem."
Maryland,2,2.MD.B.6,"Represent whole numbers as lengths from 0 on a number line diagram with equally spaced points corresponding to the number 0, 1, 2, ..., and represent whole number sums and differences within 100 on a number line diagram."
Maryland,2,2.MD.C.7,"Tell and write time from analog and digital clocks to the nearest five minutes, using a.m. and p.m."
Maryland,2,2.MD.C.8,"Solve word problems involving dollar bills, quarters, dimes, nickels, and pennies, using $ and ¢ symbols appropriately. Example: If you have 2 dimes and 3 pennies, how many cents do you have?"
Maryland,2,2.MD.D.9,"Generate measurement data by measuring lengths of several objects to the nearest whole unit, or by making repeated measurements of the same object. Show the measurements by making a line plot, where the horizontal scale is marked off in whole number units."
Maryland,2,2.MD.D.10,"Draw a picture graph and a bar graph (with single-unit scale) to represent a data set with up to four categories. Solve simple put-together, take-apart, and compare problems using information presented in a bar graph."
Maryland,2,2.G.A.1,"Recognize and draw shapes having specific attributes, such as a given number of angles or a given number of equal faces. Identify triangles, quadrilaterals, pentagons, hexagons, and cubes."
Maryland,2,2.G.A.2,Partition a rectangle into rows and columns of same-size squares and count to find the total number of them.
Maryland,2,2.G.A.3,"Partition circles and rectangles into two, three, or four equal shares, describe the shares using the words halves, thirds, half of, a third of, etc., and describe the whole as two halves, three thirds, four fourths. Recognize that equal shares of identical wholes need not have the same shape."
Maryland,3,3.OA.A.1,"Interpret products of whole numbers, e.g., interpret 5 x 7 as the total number of objects in 5 groups of 7 objects each. For example, describe a context in which a total number of objects can be expressed as 5 x 7."
Maryland,3,3.OA.A.2,"Interpret whole-number quotients of whole numbers, e.g., interpret 56 / 8 as the number of objects in each share when 56 objects are partitioned equally into 8 shares, or as a number of shares when 56 objects are partitioned into equal shares of 8 objects each. For example, describe a context in which a number of shares or a number of groups can be expressed as 56 / 8."
Maryland,3,3.OA.A.3,"Use multiplication and division within 100 to solve word problems in situations involving equal groups, or arrays, e.g., by using drawings and equations with a symbol for the unknown number to represent the problem."
Maryland,3,3.OA.A.4,"Determine the unknown whole number in a multiplication or division equation relating three whole numbers. For example, determine the unknown number that makes the equation true in each of the equations 8 x ? = 48, 5 = ? / 3, 6 x 6 = ?."
Maryland,3,3.OA.B.5,"Apply properties of operations as strategies to multiply and divide. Examples: If 6 x 4 = 24 is known, then 4 x 6 = 24 is also known. (Commutative property of multiplication) 3 x 5 x 2 can be found by 3 x 5 = 15, then 15 x 2 = 30, or by 5 x 2 = 10, then 3 x 10 = 30. (Associative property of multiplication) Knowing that 8 x 5 = 40 and 8 x 2 = 16, one can find 8 x 7 as 8 x (5 + 2) = (8 x 5) + (8 x 2) which leads to 40 + 16 = 56. (Distributive property)"
Maryland,3,3.OA.B.6,"Understand division as unknown-factor problem. For example, find 32 / 8 by finding the number that makes 32 when multiplied by 8."
Maryland,3,3.OA.C.7,"Fluently multiply and divide within 100, using strategies such as the relationship between multiplication and division (e.g., knowing that 8 x 5 = 40, one knows 40 / 5 = 8) or properties of operations. By the end of Grade 3, know from memory all products of two one-digit numbers."
Maryland,3,3.OA.D.8,Solve two-step word problems using the four operations. Represent these problems using equations with a letter standing for the unknown quantity. Assess the reasonableness of answers using mental computation and estimation strategies including rounding.
Maryland,3,3.OA.D.9,"Identify arithmetic patterns (including patterns in the addition table or multiplication table), and explain them using properties of operations. For example, observe that 4 times a number is always even and explain why 4 times a number can be decomposed into two equal addends."
Maryland,3,3.NBT.A.1,Use place value understanding to round whole numbers to the nearest 10 or 100.
Maryland,3,3.NBT.A.2,"Fluently add and subtract within 1000 using strategies and algorithms based on place value, properties of operations, and/or the relationship between addition and subtraction."
Maryland,3,3.NBT.A.3,"Multiply one-digit whole numbers by multiples of 10 in the range of 10-90 (e.g., 9 x 80, 5 x 60) using strategies based on place value and properties of operations."
Maryland,3,3.NF.A.1,Understand a fraction 1/b as the quantity formed by 1 part when a whole is partitioned into b equal parts; understand a fraction a/b as the quantity formed by a parts of size 1/b.
Maryland,3,3.NF.A.2,Understand a fraction as a number on the number line; represent fractions on a number line diagram.
Maryland,3,3.NF.A.2a,Represent a fraction 1/b on a number line diagram by defining the interval from 0 to 1 as the whole and partitioning it into b equal parts. Recognize that each part has size 1/b and that the endpoint of the part based at 0 locates the number 1/b on the number line.
Maryland,3,3.NF.A.2b,Represent a fraction a/b on a number line diagram by marking off a lengths of 1/b from 0. Recognize that the resulting interval has size a/b and that its endpoint locates the number a/b on the number line.
Maryland,3,3.NF.A.3,"Explain equivalence of fractions in special cases, and compare fractions by reasoning about their size."
Maryland,3,3.NF.A.3a,"Represent two fractions as equivalent (equal) if they are the same size, or the same point on the number line."
Maryland,3,3.NF.A.3b,"Recognize and generate simple equivalent fractions, e.g., 1/2 = 2/4, 4/6 = 2/3. Explain why the fractions are equivalent, e.g., by using a visual fraction model."
Maryland,3,3.NF.A.3c,"Express whole numbers as fractions, and recognize fractions that are equivalent to whole numbers. Examples: Express 3 in the form 3 = 3/1; recognize that 6 = 6/1; locate 4/4 and 1 at the same point of a number line diagram."
Maryland,3,3.NF.A.3d,"Compare two fractions with the same numerator or the same denominator by reasoning about their size. Recognize that comparisons are valid only when the two fractions refer to the same whole. Record the results of comparisons with the symbols >, =, or <, and justify the conclusions, e.g., by using a visual fraction model."
Maryland,3,3.MD.A.1,"Tell and write time to the nearest minute and measure time intervals in minutes. Solve word problems involving addition and subtraction of time intervals in minutes, e.g., by representing the problem on a number line diagram."
Maryland,3,3.MD.A.2,"Measure and estimate liquid volumes and masses of objects using standard units of grams (g), kilograms (kg), and liters (l). Add, subtract, multiply, or divide to solve one-step word problems involving masses or volumes that are given in the same units, e.g., by using drawings (such as a beaker with a measurement scale) to represent the problem."
Maryland,3,3.MD.B.3,"Draw a scaled picture graph and a scaled bar graph to represent a data set with several categories. Solve one- and two-step “how many more” and “how many less” problems using information presented in scaled bar graphs. For example, draw a bar graph in which each square in the bar graph might represent 5 pets."
Maryland,3,3.MD.B.4,"Generate measurement data by measuring lengths using rulers marked with halves and fourths of an inch. Show the data by making a line plot where the horizontal scale is marked off in appropriate units - whole numbers, halves, or quarters."
Maryland,3,3.MD.C.5,Recognize area as an attribute of plane figures and understand concept of area measurement.
Maryland,3,3.MD.C.5a,"A square with side length 1 unit, called “a unit square,” is said to have “one square unit” of area, and can be used to measure area."
Maryland,3,3.MD.C.5b,A plane figure which can be covered without gaps or overlaps by n unit squares is said to have an area of n square units.
Maryland,3,3.MD.C.6,"Measure areas by counting unit squares (square cm, square m, square in., square ft., and improvised units)."
Maryland,3,3.MD.C.7,Relate area to the operations of multiplication and addition.
Maryland,3,3.MD.C.7a,"Find the area of a rectangle with whole-number side lengths by tiling it, and show that the area is the same as would be found by multiplying the side lengths."
Maryland,3,3.MD.C.7b,"Multiply side lengths to find areas of rectangles with whole-number side lengths in the context of solving real-world and mathematical problems, and represent whole-number products as rectangular areas in mathematical reasoning."
Maryland,3,3.MD.C.7c,Use tiling to show in a concrete case that the area of a rectangle with whole-number side lengths a and b + c is the sum of a x b and a x c. Use area models to represent the distributive property in mathematical reasoning.
Maryland,3,3.MD.C.7d,"Recognize area as additive. Find areas of rectilinear figures by decomposing them into non-overlapping rectangles and adding the areas of the non-overlapping parts, applying this technique to solve real-world problems."
Maryland,3,3.MD.D.8,"Solve real-world and mathematical problems involving perimeters of polygons, including finding the perimeter given the side lengths, finding an unknown side length, and exhibiting rectangles with the same perimeter and different areas or with the same area and different perimeters."
Maryland,3,3.G.A.1,"Understand that shapes in different categories (e.g., rhombuses, rectangles, and others) may share attributes (e.g., having four sides), and that the shared attributes can define a larger category (e.g., quadrilaterals). Recognize rhombuses, rectangles, and squares as examples of quadrilaterals, and draw examples of quadrilaterals that do not belong to any of these subcategories."
Maryland,3,3.G.A.2,"Partition shapes into parts with equal areas. Express the area of each part as a unit fraction of the whole. For example, partition a shape into 4 parts with equal area, and describe the area of each part as 1/4 of the area of the shape."
Maryland,4,4.OA.A.1,"Interpret a multiplication equation as a comparison, e.g., interpret 35 = 5 x 7 as a statement that 35 is 5 times as many as 7 and 7 times as many as 5. Represent verbal statements of multiplicative comparisons as multiplication equations."
Maryland,4,4.OA.A.2,"Multiply or divide to solve word problems involving multiplicative comparison, e.g., by using drawings and equations with a symbol for the unknown number to represent the problem, distinguishing multiplicative comparison from additive comparison."
Maryland,4,4.OA.A.3,"Solve multistep word problems posed with whole numbers and having whole-number answers using the four operations, including problems in which remainders must be interpreted. Represent these problems using equations with a letter standing for the unknown quantity. Assess the reasonableness of answers using mental computation and estimation strategies including rounding."
Maryland,4,4.OA.B.4,Find all factor pairs for a whole number in the range 1-100. Recognize that a whole number is a multiple of each of its factors. Determine whether a given whole number in the range 1-100 is a multiple of a given one-digit number. Determine whether a given whole number in the range of 1-100 is prime or composite.
Maryland,4,4.OA.C.5,"Generate a number or shape pattern that follows a given rule. Identify apparent features of the pattern that were not explicit in the rule itself. For example, given the rule “Add 3” and the starting number 1, generate terms in the resulting sequence and observe that the terms appear to alternate between odd and even numbers. Explain informally why the numbers will continue to alternate in this way."
Maryland,4,4.NBT.A.1,"Recognize that in a multi-digit whole number, a digit in one place represents ten times what it represents in the place to its right. For example, recognize that 700 / 70 = 10 by applying concepts of place value and division."
Maryland,4,4.NBT.A.2,"Read and write multi-digit whole numbers using base-ten numerals, number names, and expanded form. Compare two multi-digit numbers based on meanings of the digits in each place, using >, =, and < symbols to record the results of comparisons."
Maryland,4,4.NBT.A.3,Use place value understanding to round multi-digit whole numbers to any place.
Maryland,4,4.NBT.B.4,Fluently add and subtract multi-digit whole numbers using the standard algorithm.
Maryland,4,4.NBT.B.5,"Multiply a whole number of up to four digits by a one-digit whole number, and multiply two two-digit numbers, using strategies based on place value and the properties of operations. Illustrate and explain the calculation by using equations, rectangular arrays, and/or area models."
Maryland,4,4.NBT.B.6,"Find whole-number quotients and remainders with up to four-digit dividends and one-digit divisors, using strategies based on place value, the properties of operations, and/or the relationship between multiplication and division. Illustrate and explain the calculation by using equations, rectangular arrays, and/or area models."
Maryland,4,4.NF.A.1,"Explain why a fraction a/b is equivalent to a fraction (n x a)/(n x b) by using visual fraction models, with attention to how the number and size of the parts differ even though the two fractions themselves are the same size. Use this principle to recognize and generate equivalent fractions."
Maryland,4,4.NF.A.2,"Compare two fractions with different numerators and different denominators, e.g., by creating common denominators or numerators, or by comparing to a benchmark fraction such as 1/2. Recognize that comparisons are valid only when the two fractions refer to the same whole. Record the results of comparisons with symbols >, =, <, and justify the conclusion, e.g., by using a visual fraction model."
Maryland,4,4.NF.B.3,Understand a fraction a/b with a > 1 as a sum of fractions 1/b.
Maryland,4,4.NF.B.3a,Understand addition and subtraction of fractions as joining and separating parts referring to the same whole.
Maryland,4,4.NF.B.3b,"Decompose a fraction into a sum of fractions with the same denominator in more than one way, recording each decomposition as an equation. Justify decompositions, e.g., by using a visual fraction model. Examples: 3/8 = 1/8 + 1/8 + 1/8 or 3/8 = 1/8 + 2/8 or 2 1/8 = 1 + 1 + 1/8 or 2 1/8 = 8/8 + 8/8 + 1/8."
Maryland,4,4.NF.B.3c,"Add and subtract mixed numbers with like denominators, e.g., by replacing each mixed number with an equivalent fraction, and/or by using properties of operations and the relationship between addition and subtraction."
Maryland,4,4.NF.B.3d,"Solve word problems involving addition and subtraction of fractions referring to the same whole and having like denominators, e.g., by using visual fraction models and equations to represent the problem."
Maryland,4,4.NF.B.4,Apply and extend previous understandings of multiplication to multiply a fraction by a whole number.
Maryland,4,4.NF.B.4a,"Understand a fraction a/b as a multiple of 1/b. For example, use a visual fraction model to represent 5/4 as the product of 5 x 1/4, recording the conclusion by the equation 5/4 = 5 x 1/4."
Maryland,4,4.NF.B.4b,"Understand a multiple of a/b as a multiple of 1/b, and use this understanding to multiply a fraction by a whole number. For example, use a visual fraction model to express 3 x 2/5 as 6 x 1/5, recognizing this product as 6/5. (In general, n x a/b = (n x a)/b.)"
Maryland,4,4.NF.B.4c,"Solve word problems involving multiplication of a fraction by a whole number, e.g., by using visual fraction models and equations to represent the problem. For example, if a person at a party will eat 3/8 of a pound of roast beef, and there will be 5 people at the party, how many pounds of roast beef will be needed? Between what two whole numbers does your answer lie?"
Maryland,4,4.NF.C.5,"Express a fraction with denominator 10 as an equivalent fraction with denominator 100, and use this technique to add two fractions with respective denominators 10 and 100. For example, when adding 3/10 and 4/100 express 3/10 as 30/100, then 30/100 + 4/100 = 34/100."
Maryland,4,4.NF.C.6,"Use decimal notation for fractions with denominators 10 and 100. For example, rewrite 0.62 as 62/100 or describe a length as 0.62 meters or locate 0.62 on a number line diagram."
Maryland,4,4.NF.C.7,"Compare two decimals to hundredths by reasoning about their size. Recognize that comparisons are valid only when the two decimals refer to the same whole. Record the results of comparisons with the symbols >, =, <, and justify the conclusions, e.g., by using a visual model."
Maryland,4,4.MD.A.1,"Know relative sizes of measurement units within one system of units including km, m, cm, kg, g; lb, oz.; l, ml; hr, min, sec. Within a single system of measurement, express measurements in a larger unit in terms of a smaller unit. Record measurement equivalents in a two-column table. For example, know that 1 ft is 12 times as long as 1 in. Express the length of a 4 ft snake as 48 in. Generate a conversion table for feet and inches listing the number pairs (1, 12), (2, 24), (3, 36), etc."
Maryland,4,4.MD.A.2,"Use the four operations to solve word problems involving distances, intervals of time, liquid volumes, masses of objects, and money, including problems involving simple fractions or decimals, and problems that require expressing measurements given in a larger unit in terms of a smaller unit. Represent measurement quantities using diagrams such as number line diagrams that feature a measurement scale."
Maryland,4,4.MD.A.3,"Apply the area and perimeter formulas for rectangles in real world and mathematical problems. For example, find the width of a rectangular room given the area of the flooring and the length, by viewing the area formulas as a multiplication equation with an unknown factor."
Maryland,4,4.MD.B.4,"Make a line plot to display a data set of measurements in fractions of a unit (1/2, 1/4, 1/8). Solve problems involving addition and subtraction of fractions by using information presented in line plots. For example, from a line plot find and interpret the difference in length between the longest and shortest specimens in an insect collection."
Maryland,4,4.MD.C.5,"Recognize angles as geometric shapes that are formed wherever two rays share a common endpoint, and understand concepts of angle measurement."
Maryland,4,4.MD.C.5a,"An angle is measured with reference to a circle with its center at the common endpoint of the rays, by considering the fraction of the circular arc between the points where the two rays intersect the circle. An angle that turns through 1/360 of the circle is called a “one-degree angle,” and can be used to measure angles."
Maryland,4,4.MD.C.5b,An angle that turns through n one-degree angles is said to have an angle measure of n degrees.
Maryland,4,4.MD.C.6,Measure angles in whole-number degrees using a protractor. Sketch angles of specified measure.
Maryland,4,4.MD.C.7,"Recognize angle measure as additive. When an angle is decomposed into non-overlapping parts, the angle measure of the whole is the sum of the angle measures of the parts. Solve addition and subtraction problems to find unknown angles on a diagram in real-world and mathematical problems, e.g., by using an equation with a symbol for the unknown angle measure."
Maryland,4,4.G.A.1,"Draw points, lines, line segments, rays, angles (right, acute, obtuse), and perpendicular and parallel lines. Identify these in two-dimensional figures."
Maryland,4,4.G.A.2,"Classify two-dimensional figures based on the presence or absence of parallel or perpendicular lines, or the presence or absence of angles of a specified size. Recognize right triangles as a category, and identify right triangles."
Maryland,4,4.G.A.3,Recognize a line of symmetry for a two-dimensional figure as a line across the figure such that the figure can be folded along the line into matching parts. Identify line-symmetric figures and draw lines of symmetry.
Maryland,5,5.OA.A.1,"Use parentheses, brackets, or braces in numerical expressions, and evaluate expressions with these symbols."
Maryland,5,5.OA.A.2,"Write simple expressions that record calculations with numbers, and interpret numerical expressions without evaluating them. For example, express the calculation “add 8 and 7, then multiply by 2” as 2 x (8 + 7). Recognize that 3 x (18932 + 921) is three times as large as 18932 + 921, without having to calculate the indicated sum or product."
Maryland,5,5.OA.B.3,"Generate two numerical patterns using two given rules. Identify apparent relationships between corresponding terms. Form ordered pairs consisting of corresponding terms from the two patterns, and graph the ordered pairs on a coordinate plane. For example, given the rule “Add 3” and the starting number 0, and given the rule “Add 6” and the starting number 0, generate terms in the resulting sequences, and observe that the terms in one sequence are twice the corresponding terms in the other sequence. Explain informally why this is so."
Maryland,5,5.NBT.A.1,"Recognize that in a multi-digit number, a digit in one place represents 10 times as much as it represents in the place to its right and 1/10 of what it represents in the place to its left."
Maryland,5,5.NBT.A.2,"Explain patterns in the number of zeros of the product when multiplying a number by powers of 10, and explain patterns in the placement of the decimal point when a decimal is multiplied or divided by a power of 10. Use whole number exponents to denote powers of 10."
Maryland,5,5.NBT.A.3,"Read, write, and compare decimals to the thousandths."
Maryland,5,5.NBT.A.3a,"Read and write decimals to thousandths using base-ten numerals, number names, and expanded form, e.g. 347.392 = 3 x 100 + 4 x 10 + 7 x 1 + 3 x (1/10) + 9 x (1/100) + 2 x (1/1000)."
Maryland,5,5.NBT.A.3b,"Compare two decimals to the thousandths based on meanings of the digits in each place, using >, =, < symbols to record the results of comparisons."
Maryland,5,5.NBT.A.4,Use place value understanding to round decimals to any place.
Maryland,5,5.NBT.B.5,Fluently multiply multi-digit whole numbers using the standard algorithm.
Maryland,5,5.NBT.B.6,"Find whole-number quotients of whole numbers with up to four-digit dividends and two-digit divisors, using strategies based on place value, the properties of operations, and/or the relationship between multiplication and division. Illustrate and explain the calculation by using equations, rectangular arrays, and/or area models."
Maryland,5,5.NBT.B.7,"Add, subtract, multiply, and divide decimals to hundredths, using concrete models or drawings and strategies based on place value, properties of operations, and/or the relationship between addition and subtraction; relate the strategy to a written method and explain the reasoning used."
Maryland,5,5.NF.A.1,"Add and subtract fractions with unlike denominators (including mixed numbers) by replacing given fractions with equivalent fractions in such a way as to produce an equivalent sum or difference of fractions with like denominators. For example, 2/3 + 5/4 = 8/12 + 15/12 = 23/12. In general, a/b + c/d = (ad + bc)/bd."
Maryland,5,5.NF.A.2,"Solve word problems involving addition and subtraction of fractions referring to the same whole, including cases of unlike denominators, e.g., by using visual fraction models or equations to represent the problem. Use benchmark fractions and number sense of fractions to estimate mentally and assess the reasonableness of answers. For example, recognize an incorrect result 2/5 + 1/2 = 3/7 by observing that 3/7 < 1/2."
Maryland,5,5.NF.B.3,"Interpret a fraction as division of the numerator by the denominator (a/b = a / b). Solve word problems involving division of whole numbers leading to answers in the form of fractions or mixed numbers, e.g., by using visual fraction models or equations to represent the problem. For example, interpret 3/4 as the result of dividing 3 by 4, noting that 3/4 multiplied by 4 equals 3, and that when 3 wholes are shared equally among 4 people each person has a share of size 3/4. If 9 people want to share a 50-pound sack of rice equally by weight, how many pounds of rice should each person get? Between what two whole numbers does your answer lie?"
Maryland,5,5.NF.B.4,Apply and extend previous understandings of multiplication to multiply a fraction or whole number by a fraction.
Maryland,5,5.NF.B.4a,"Interpret the product (a/b) x q as a parts of a partition of q into b equal parts; equivalently, as the result of a sequence of operations a x q / b. For example, use a visual fraction model to show 2/3 x 4 = 8/3, and create a story context for this equation. Do the same with 2/3 x 4/5 = 8/15. (In general, (a/b) x (c/d) = ac/bd.)"
Maryland,5,5.NF.B.4b,Find the area of a rectangle with fractional side lengths by tiling it with unit squares of the appropriate unit fraction side lengths and show that the area is the same as would be found by multiplying the side lengths. Multiply fractional side lengths to find areas of rectangles and represent fraction products as rectangular areas.
Maryland,5,5.NF.B.5,Interpret multiplication as scaling (sizing) by:
Maryland,5,5.NF.B.5a,"Comparing the size of a product to the size of one factor based on the size of the other factor, without performing the indicated multiplication."
Maryland,5,5.NF.B.5b,Explaining why multiplying a given number by a fraction greater than 1 results in a product greater than the given number (recognizing multiplication by whole numbers greater than 1 as a familiar case); explaining why multiplying a given number by a fraction less than 1 results in a product smaller than the given number; and relating the principle of fraction equivalence a/b = (n x a)/(n x b) to the effect of multiplying a/b by 1.
Maryland,5,5.NF.B.6,"Solve real-world problems involving multiplication of fractions and mixed numbers, e.g., by using visual fraction models or equations to represent the problem."
Maryland,5,5.NF.B.7,Apply and extend previous understandings of division to divide unit fractions by whole numbers and whole numbers by unit fractions. Interpret division of a unit fraction.
Maryland,5,5.NF.B.7a,"Interpret division of a unit fraction by a non-zero whole number and compute such quotients. For example, create a story context for 1/3 / 4 and use a visual fraction model to show the quotient. Use the relationship between multiplication and division to explain that 1/3 / 4 = 1/12 because 1/12 x 4 = 1/3."
Maryland,5,5.NF.B.7b,"Interpret division of a whole number by a unit fraction and compute such quotients. For example, create a story context for 4 / 1/5 and use a visual fraction model to show the quotient. Use the relationship between multiplication and division to explain that 4 / 1/5 = 20 because 20 x 1/5 = 4."
Maryland,5,5.NF.B.7c,"Solve real-world problems involving division of unit fractions by non-zero whole numbers and division of whole numbers by unit fractions, e.g., by using visual fraction models and equations to represent the problem. For example, how much chocolate will each person get if 3 people share 1/2 lb. of chocolate equally? How many 1/3-cup servings are in 2 cups of raisins?"
Maryland,5,5.MD.A.1,"Convert among different-sized standard measurement units within a given measurement system (e.g., convert 5 cm to 0.05 m) and use these conversions in solving multi-step problems."
Maryland,5,5.MD.B.2,"Make a line plot to display a data set of measurements in fractions of a unit (1/2, 1/4, 1/8). Use operations for this grade to solve problems involving information presented in line plots. For example, given different measurements of liquid in identical beakers, find the amount of liquid each beaker would contain if the total amount in all the beakers were redistributed equally."
Maryland,5,5.MD.C.3,Recognize volume as an attribute of solid figures and understand concepts of volume measurement.
Maryland,5,5.MD.C.3a,"A cube with side length of one unit, called a “unit cube,” is said to have “one cubic unit” of volume, and can be used to measure volume."
Maryland,5,5.MD.C.3b,A solid figure which can be packed without gaps or overlaps using n unit cubes is said to have a volume of n cubic units.
Maryland,5,5.MD.C.4,"Measure volumes by counting cubes, using cubic cm, cubic in., cubic ft., and improvised units."
Maryland,5,5.MD.C.5,"Relate volume to the operations of multiplication and addition, and solve real-world and mathematical problems involving volume."
Maryland,5,5.MD.C.5a,"Find the volume of a right rectangular prism with whole-number side lengths by packing it with unit cubes and show that the volume is the same as would be found by multiplying the edge lengths, equivalently by multiplying the height by the area of the base. Represent threefold whole-number products as volumes, e.g., to represent the associative property of multiplication."
Maryland,5,5.MD.C.5b,Apply the formulas V = (l)(w)(h) and V = (b)(h) for rectangular prisms to find volumes of right rectangular prisms with whole-number edge lengths in the context of solving real-world and mathematical problems.
Maryland,5,5.MD.C.5c,"Recognize volume as additive. Find volumes of solid figures composed of two non-overlapping right rectangular prisms by adding the volumes of the non-overlapping parts, applying this technique to solve real-world problems."
Maryland,5,5.G.A.1,"Use a pair of perpendicular number lines, called axes, to define a coordinate system, with the intersection of the lines (the origin) arranged to coincide with the 0 on each line and a given point in the plane located by using an ordered pair of numbers, called its coordinates. Understand that the first number indicates how far to travel from the origin in the direction of one axis, and the second number indicates how far to travel in the direction of the second axis, with the convention that the names of the two axes and the coordinates correspond (e.g., x-axis and x-coordinate, y-axis and y-coordinate)."
Maryland,5,5.G.A.2,"Represent real-world mathematical problems by graphing points in the first quadrant of the coordinate plane, and interpret coordinate values of points in the context of the situation."
Maryland,5,5.G.B.3,"Understand that attributes belonging to a category of two-dimensional figures also belong to all subcategories of that category. For example, all rectangles have four right angles and squares are rectangles, so all squares have four right angles."
Maryland,5,5.G.B.4,Classify two-dimensional figures in a hierarchy based on properties.
Maryland,6,6.RP.A.1,"Understand the concept of a ratio and use ratio language to describe a ratio relationship between two quantities. For example, “The ratio of wings to beaks in the bird house at the zoo was 2:1, because for every 2 wings there was 1 beak.” “For every vote candidate A received, candidate C received nearly three votes.”"
Maryland,6,6.RP.A.2,"Understand the concept of a unit rate a/b associated with a ratio a:b with b ≠ 0, and use rate language in the context of a ratio relationship. For example, “This recipe has a ratio of 3 cups of flour to 4 cups of sugar, so there is 3/4 cup of flour for each cup of sugar.” “We paid $75 for 15 hamburgers, which is a rate of $5 per hamburger.” (Expectations for unit rates in this grade are limited to non-complex fractions.)"
Maryland,6,6.RP.A.3,"Use ratio and rate reasoning to solve real-world and mathematical problems, e.g., by reasoning about tables of equivalent ratios, tape diagrams, double number line diagrams, or equations."
Maryland,6,6.RP.A.3a,"Make tables of equivalent ratios relating quantities with whole-number measurements, find missing values in the tables, and plot the pairs of values on the coordinate plane. Use tables to compare ratios."
Maryland,6,6.RP.A.3b,"Solve unit rate problems including those involving unit pricing and constant speed. For example, if it took 7 hours to mow 4 lawns, then at that rate, how many lawns could be mowed in 35 hours? At what rate were lawns being mowed?"
Maryland,6,6.RP.A.3c,"Find a percent of a quantity as a rate per 100 (e.g., 30% of a quantity means 30/100 times the quantity); solve problems involving finding the whole, given a part and the percent."
Maryland,6,6.RP.A.3d,Use ratio reasoning to convert measurement units; manipulate and transform units appropriately when multiplying or dividing quantities.
Maryland,6,6.NS.A.1,"Interpret and compute quotients of fractions, and solve word problems involving division of fractions by fractions, e.g., by using visual fraction models and equations to represent the problem. For example, create a story context for 2/3 / 3/4 and use a visual fraction model to show the quotient; use the relationship between multiplication and division to explain that 2/3 / 3/4 = 8/9 because 3/4 of 8/9 is 2/3. (In general, a/b / c/d = ad/bc.) How much chocolate will each person get if 3 people share 1/2 lb of chocolate equally? How many 3/4-cup servings are in 2/3 of a cup of yogurt? How wide is a rectangular strip of land with length 3/4 mi and area 1/2 square mi?"
Maryland,6,6.NS.B.2,Fluently divide multi-digit numbers using the standard algorithm.
Maryland,6,6.NS.B.3,"Fluently add, subtract, multiply, and divide multi-digit decimals using the standard algorithm for each operation."
Maryland,6,6.NS.B.4,"Find the greatest common factor of two whole numbers less than or equal to 100 and the least common multiple of two whole numbers less than or equal to 12. Use the distributive property to express a sum of two whole numbers 1-100 with a common factor as a multiple of a sum of two whole numbers with no common factor. For example, express 36 + 8 as 4(9 + 2)."
Maryland,6,6.NS.C.5,"Understand that positive and negative numbers are used together to describe quantities having opposite directions or values (e.g., temperature above/below zero, elevation above/below sea level, credits/debits, positive/negative electric charge); use positive and negative numbers to represent quantities in real-world contexts, explaining the meaning of 0 in each situation."
Maryland,6,6.NS.C.6,Understand a rational number as a point on the number line. Extend number line diagrams and coordinate axes familiar from previous grades to represent points on the line and in the plane with negative number coordinates.
Maryland,6,6.NS.C.6a,"Recognize opposite signs of numbers as indicating locations on opposite sides of 0 on the number line; recognize that the opposite of the opposite of a number is the number itself, e.g., -(-3) = 3, and that 0 is its own opposite."
Maryland,6,6.NS.C.6b,"Understand signs of numbers in ordered pairs as indicating locations in quadrants of the coordinate plane; recognize that when two ordered pairs differ only by signs, the locations of the points are related by reflections across one or both axes."
Maryland,6,6.NS.C.6c,Find and position integers and other rational numbers on a horizontal or vertical number line diagram; find and position pairs of integers and other rational numbers on a coordinate plane.
Maryland,6,6.NS.C.7,Understand ordering and absolute value of rational numbers.
Maryland,6,6.NS.C.7a,"Interpret statements of inequality as statements about the relative position of two numbers on a number line diagram. For example, interpret -3 > -7 as a statement that -3 is located to the right of -7 on a number line oriented from left to right."
Maryland,6,6.NS.C.7b,"Write, interpret, and explain statements of order for rational numbers in real-world contexts. For example, write -3 degrees C > -7 degrees C to express the fact that -3 degrees C is warmer than -7 degrees C."
Maryland,6,6.NS.C.7c,"Understand the absolute value of a rational number as its distance from 0 on the number line; interpret absolute value as magnitude for a positive or negative quantity in a real-world situation. For example, for an account balance of -30 dollars, write |-30| = 30 to describe the size of the debt in dollars."
Maryland,6,6.NS.C.7d,"Distinguish comparisons of absolute value from statements about order. For example, recognize that an account balance less than -30 dollars represents a debt greater than 30 dollars."
Maryland,6,6.NS.C.8,Solve real-world and mathematical problems by graphing points in all four quadrants of the coordinate plane. Include use of coordinates and absolute value to find distances between points with the same first coordinate or the same second coordinate.
Maryland,6,6.EE.A.1,Write and evaluate numerical expressions involving whole-number exponents.
Maryland,6,6.EE.A.2,"Write, read, and evaluate expressions in which letters stand for numbers."
Maryland,6,6.EE.A.2a,"Write expressions that record operations with numbers and with letters standing for numbers. For example, express the calculation “Subtract y from 5” as 5 - y."
Maryland,6,6.EE.A.2b,"Identify parts of an expression using mathematical terms (sum, term, product, factor, quotient, coefficient); view one or more parts of an expression as a single entity. For example, describe the expression 2(8 + 7) as a product of two factors; view (8 + 7) as both a single entity and a sum of two terms."
Maryland,6,6.EE.A.2c,"Evaluate expressions at specific values of their variables. Include expressions that arise from formulas used in real-world problems. Perform arithmetic operations, including those involving whole-number exponents, in the conventional order when there are no parentheses to specify a particular order (Order of Operations). For example, use the formulas V = s^3 and A = 6s^2 to find the volume and surface area of a cube with sides of length s = 1/2."
Maryland,6,6.EE.A.3,"Apply the properties of operations to generate equivalent expressions. For example, apply the distributive property to the expression 3(2 + x) to produce the equivalent expression 6 + 3x; apply the distributive property to the expression 24x + 18y to produce the equivalent expression 6(4x + 3y); apply properties of operations to y + y + y to produce the equivalent expression 3y."
Maryland,6,6.EE.A.4,"Identify when two expressions are equivalent (i.e., when the two expressions name the same number regardless of which value is substituted into them). For example, the expressions y + y + y and 3y are equivalent because they name the same number regardless of which number y stands for."
Maryland,6,6.EE.B.5,"Understand solving an equation or inequality as a process of answering a question: which values from a specified set, if any, make the equation or inequality true? Use substitution to determine whether a given number in a specified set makes an equation or inequality true."
Maryland,6,6.EE.B.6,"Use variables to represent numbers and write expressions when solving a real-world or mathematical problem; understand that a variable can represent an unknown number, or, depending on the purpose at hand, any number in a specified set."
Maryland,6,6.EE.B.7,"Solve real-world and mathematical problems by writing and solving equations of the form x + p = q and px = q for cases in which p, q and x are all nonnegative rational numbers."
Maryland,6,6.EE.B.8,Write an inequality of the form x > c or x < c to represent a constraint or condition in a real-world or mathematical problem. Recognize that inequalities of the form x > c or x < c have infinitely many solutions; represent solutions of such inequalities on number line diagrams.
Maryland,6,6.EE.C.9,"Use variables to represent two quantities in a real-world problem that change in relationship to one another; write an equation to express one quantity, thought of as the dependent variable, in terms of the other quantity, thought of as the independent variable. Analyze the relationship between the dependent and independent variables using graphs and tables, and relate these to the equation. For example, in a problem involving motion at constant speed, list and graph ordered pairs of distances and times, and write the equation d = 65t to represent the relationship between distance and time."
Maryland,6,6.G.A.1,"Find the area of right triangles, other triangles, special quadrilaterals, and polygons by composing into rectangles or decomposing into triangles and other shapes; apply these techniques in the context of solving real-world and mathematical problems."
Maryland,6,6.G.A.2,"Find the volume of a right rectangular prism with fractional edge lengths by packing it with unit cubes of the appropriate unit fraction edge lengths, and show that the volume is the same as would be found by multiplying the edge lengths of the prism. Apply the formulas V = lwh and V = Bh to find volumes of right rectangular prisms with fractional edge lengths in the context of solving real-world and mathematical problems."
Maryland,6,6.G.A.3,Draw polygons in the coordinate plane given coordinates for the vertices; use coordinates to find the length of a side joining points with the same first coordinate or the same second coordinate. Apply these techniques in the context of solving real-world and mathematical problems.
Maryland,6,6.G.A.4,"Represent three-dimensional figures using nets made up of rectangles and triangles, and use the nets to find the surface area of these figures. Apply these techniques in the context of solving real-world and mathematical problems."
Maryland,6,6.SP.A.1,"Recognize a statistical question as one that anticipates variability in the data related to the question and accounts for it in the answers. For example, “How old am I?” is not a statistical question, but “How old are the students in my school?” is a statistical question because one anticipates variability in students' ages."
Maryland,6,6.SP.A.2,"Understand that a set of data collected to answer a statistical question has a distribution which can be described by its center, spread, and overall shape."
Maryland,6,6.SP.A.3,"Recognize that a measure of center for a numerical data set summarizes all of its values with a single number, while a measure of variation describes how its values vary with a single number."
Maryland,6,6.SP.B.4,"Display numerical data in plots on a number line, including dot plots, histograms, and box plots."
Maryland,6,6.SP.B.5,"Summarize numerical data sets in relation to their context, such as by:"
Maryland,6,6.SP.B.5a,Reporting the number of observations.
Maryland,6,6.SP.B.5b,"Describing the nature of the attribute under investigation, including how it was measured and its units of measurement."
Maryland,6,6.SP.B.5c,"Giving quantitative measures of center (median and/or mean) and variability (interquartile range and/or mean absolute deviation), as well as describing any overall pattern and any striking deviations from the overall pattern with reference to the context in which the data were gathered."
Maryland,6,6.SP.B.5d,Relating the choice of measures of center and variability to the shape of the data distribution and the context in which the data were gathered.
Maryland,7,7.RP.A.1,"Compute unit rates associated with ratios of fractions, including ratios of lengths, areas and other quantities measured in like or different units. For example, if a person walks 1/2 mile in each 1/4 hour, compute the unit rate as the complex fraction (1/2)/(1/4) miles per hour, equivalently 2 miles per hour."
Maryland,7,7.RP.A.2,Recognize and represent proportional relationships between quantities.
Maryland,7,7.RP.A.2a,"Decide whether two quantities are in a proportional relationship, e.g., by testing for equivalent ratios in a table or graphing on a coordinate plane and observing whether the graph is a straight line through the origin."
Maryland,7,7.RP.A.2b,"Identify the constant of proportionality (unit rate) in tables, graphs, equations, diagrams, and verbal descriptions of proportional relationships."
Maryland,7,7.RP.A.2c,"Represent proportional relationships by equations. For example, if total cost t is proportional to the number n of items purchased at a constant price p, the relationship between the total cost and the number of items can be expressed as t = pn."
Maryland,7,7.RP.A.2d,"Explain what a point (x, y) on the graph of a proportional relationship means in terms of the situation, with special attention to the points (0, 0) and (1, r) where r is the unit rate."
Maryland,7,7.RP.A.3,"Use proportional relationships to solve multistep ratio and percent problems. Examples: simple interest, tax, markups and markdowns, gratuities and commissions, fees, percent increase and decrease, percent error."
Maryland,7,7.NS.A.1,Apply and extend previous understandings of addition and subtraction to add and subtract rational numbers; represent addition and subtraction on a horizontal or vertical number line diagram.
Maryland,7,7.NS.A.1a,"Describe situations in which opposite quantities combine to make 0. For example, a hydrogen atom has 0 charge because its two constituents are oppositely charged."
Maryland,7,7.NS.A.1b,"Understand p + q as the number located a distance |q| from p, in the positive or negative direction depending on whether q is positive or negative. Show that a number and its opposite have a sum of 0 (are additive inverses). Interpret sums of rational numbers by describing real-world contexts."
Maryland,7,7.NS.A.1c,"Understand subtraction of rational numbers as adding the additive inverse, p - q = p + (-q). Show that the distance between two rational numbers on the number line is the absolute value of their difference, and apply this principle in real-world contexts."
Maryland,7,7.NS.A.1d,Apply properties of operations as strategies to add and subtract rational numbers.
Maryland,7,7.NS.A.2,Apply and extend previous understandings of multiplication and division and of fractions to multiply and divide rational numbers.
Maryland,7,7.NS.A.2a,"Understand that multiplication is extended from fractions to rational numbers by requiring that operations continue to satisfy the properties of operations, particularly the distributive property, leading to products such as (-1)(-1) = 1 and the rules for multiplying signed numbers. Interpret products of rational numbers by describing real-world contexts."
Maryland,7,7.NS.A.2b,"Understand that integers can be divided, provided that the divisor is not zero, and every quotient of integers (with non-zero divisor) is a rational number. If p and q are integers, then -(p/q) = (-p)/q = p/(-q). Interpret quotients of rational numbers by describing real-world contexts."
Maryland,7,7.NS.A.2c,Apply properties of operations as strategies to multiply and divide rational numbers.
Maryland,7,7.NS.A.2d,Convert a rational number to a decimal using long division; know that the decimal form of a rational number terminates in 0s or eventually repeats.
Maryland,7,7.NS.A.3,Solve real-world and mathematical problems involving the four operations with rational numbers. (Computations with rational numbers extend the rules for manipulating fractions to complex fractions.)
Maryland,7,7.EE.A.1,"Apply properties of operations as strategies to add, subtract, factor, and expand linear expressions with rational coefficients."
Maryland,7,7.EE.A.2,"Understand that rewriting an expression in different forms in a problem context can shed light on the problem and how the quantities in it are related. For example, a + 0.05a = 1.05a means that “increase by 5%” is the same as “multiply by 1.05.”"
Maryland,7,7.EE.B.3,"Solve multi-step real-life and mathematical problems posed with positive and negative rational numbers in any form (whole numbers, fractions, and decimals), using tools strategically. Apply properties of operations to calculate with numbers in any form; convert between forms as appropriate; and assess the reasonableness of answers using mental computation and estimation strategies. For example: If a woman making $25 an hour gets a 10% raise, she will make an additional 1/10 of her salary an hour, or $2.50, for a new salary of $27.50. If you want to place a towel bar 9 3/4 inches long in the center of a door that is 27 1/2 inches wide, you will need to place the bar about 9 inches from each edge; this estimate can be used as a check on the exact computation."
Maryland,7,7.EE.B.4,"Use variables to represent quantities in a real-world or mathematical problem, and construct simple equations and inequalities to solve problems by reasoning about the quantities."
Maryland,7,7.EE.B.4a,"Solve word problems leading to equations of the form px + q = r and p(x + q) = r, where p, q, and r are specific rational numbers. Solve equations of these forms fluently. Compare an algebraic solution to an arithmetic solution, identifying the sequence of the operations used in each approach. For example, the perimeter of a rectangle is 54 cm. Its length is 6 cm. What is its width?"
Maryland,7,7.EE.B.4b,"Solve word problems leading to inequalities of the form px + q > r or px + q < r, where p, q, and r are specific rational numbers. Graph the solution set of the inequality and interpret it in the context of the problem. For example, as a salesperson, you are paid $50 per week plus $3 per sale. This week you want your pay to be at least $100. Write an inequality for the number of sales you need to make, and describe the solutions."
Maryland,7,7.G.A.1,"Solve problems involving scale drawings of geometric figures, including computing actual lengths and areas from a scale drawing and reproducing a scale drawing at a different scale."
Maryland,7,7.G.A.2,"Draw (freehand, with ruler and protractor, and with technology) geometric shapes with given conditions. Focus on constructing triangles from three measures of angles or sides, noticing when the conditions determine a unique triangle, more than one triangle, or no triangle."
Maryland,7,7.G.A.3,"Describe the two-dimensional figures that result from slicing three-dimensional figures, as in plane sections of right rectangular prisms and right rectangular pyramids."
Maryland,7,7.G.B.4,Know the formulas for the area and circumference of a circle and use them to solve problems; give an informal derivation of the relationship between the circumference and area of a circle.
Maryland,7,7.G.B.5,"Use facts about supplementary, complementary, vertical, and adjacent angles in a multi-step problem to write and solve simple equations for an unknown angle in a figure."
Maryland,7,7.G.B.6,"Solve real-world and mathematical problems involving area, volume and surface area of two- and three-dimensional objects composed of triangles, quadrilaterals, polygons, cubes, and right prisms."
Maryland,7,7.SP.A.1,Understand that statistics can be used to gain information about a population by examining a sample of the population; generalizations about a population from a sample are valid only if the sample is representative of that population. Understand that random sampling tends to produce representative samples and support valid inferences.
Maryland,7,7.SP.A.2,"Use data from a random sample to draw inferences about a population with an unknown characteristic of interest. Generate multiple samples (or simulated samples) of the same size to gauge the variation in estimates or predictions. For example, estimate the mean word length in a book by randomly sampling words from the book; predict the winner of a school election based on randomly sampled survey data. Gauge how far off the estimate or prediction might be."
Maryland,7,7.SP.B.3,"Informally assess the degree of visual overlap of two numerical data distributions with similar variabilities, measuring the difference between the centers by expressing it as a multiple of a measure of variability. For example, the mean height of players on the basketball team is 10 cm greater than the mean height of players on the soccer team, about twice the variability (mean absolute deviation) on either team; on a dot plot, the separation between the two distributions of heights is noticeable."
Maryland,7,7.SP.B.4,"Use measures of center and measures of variability for numerical data from random samples to draw informal comparative inferences about two populations. For example, decide whether the words in a chapter of a seventh-grade science book are generally longer than the words in a chapter of a fourth-grade science book."
Maryland,7,7.SP.C.5,"Understand that the probability of a chance event is a number between 0 and 1 that expresses the likelihood of the event occurring. Larger numbers indicate greater likelihood. A probability near 0 indicates an unlikely event, a probability around 1/2 indicates an event that is neither unlikely nor likely, and a probability near 1 indicates a likely event."
Maryland,7,7.SP.C.6,"Approximate the probability of a chance event by collecting data on the chance process that produces it and observing its long-run relative frequency, and predict the approximate relative frequency given the probability. For example, when rolling a number cube 600 times, predict that a 3 or 6 would be rolled roughly 200 times, but probably not exactly 200 times."
Maryland,7,7.SP.C.7,"Develop a probability model and use it to find probabilities of events. Compare probabilities from a model to observed frequencies; if the agreement is not good, explain possible sources of the discrepancy."
Maryland,7,7.SP.C.7a,"Develop a uniform probability model by assigning equal probability to all outcomes, and use the model to determine probabilities of events. For example, if a student is selected at random from a class, find the probability that Jane will be selected and the probability that a girl will be selected."
Maryland,7,7.SP.C.7b,"Develop a probability model (which may not be uniform) by observing frequencies in data generated from a chance process. For example, find the approximate probability that a spinning penny will land heads up or that a tossed paper cup will land open-end down. Do the outcomes for the spinning penny appear to be equally likely based on the observed frequencies?"
Maryland,7,7.SP.C.8,"Find probabilities of compound events using organized lists, tables, tree diagrams, and simulation."
Maryland,7,7.SP.C.8a,"Understand that, just as with simple events, the probability of a compound event is the fraction of outcomes in the sample space for which the compound event occurs."
Maryland,7,7.SP.C.8b,"Represent sample spaces for compound events using methods such as organized lists, tables and tree diagrams. For an event described in everyday language (e.g., “rolling double sixes”), identify the outcomes in the sample space which compose the event."
Maryland,7,7.SP.C.8c,"Design and use a simulation to generate frequencies for compound events. For example, use random digits as a simulation tool to approximate the answer to the question: If 40% of donors have type A blood, what is the probability that it will take at least 4 donors to find one with type A blood?"
Maryland,8,8.NS.A.1,"Know that numbers that are not rational are called irrational. Understand informally that every number has a decimal expansion; for rational numbers show that the decimal expansion repeats eventually, and convert a decimal expansion which repeats eventually into a rational number."
Maryland,8,8.NS.A.2,"Use rational approximations of irrational numbers to compare the size of irrational numbers, locate them approximately on a number line diagram, and estimate the value of expressions (e.g., pi^2). For example, by truncating the decimal expansion of the square root of 2, show that the square root of 2 is between 1 and 2, then between 1.4 and 1.5, and explain how to continue on to get better approximations."
Maryland,8,8.EE.A.1,"Know and apply the properties of integer exponents to generate equivalent numerical expressions. For example, 3^2 x 3^(-5) = 3^(-3) = 1/(3^3) = 1/27."
Maryland,8,8.EE.A.2,"Use square root and cube root symbols to represent solutions to equations of the form x^2 = p and x^3 = p, where p is a positive rational number. Evaluate square roots of small perfect squares and cube roots of small perfect cubes. Know that the square root of 2 is irrational."
Maryland,8,8.EE.A.3,"Use numbers expressed in the form of a single digit times an integer power of 10 to estimate very large or very small quantities, and to express how many times as much one is than the other. For example, estimate the population of the United States as 3 times 10^8 and the population of the world as 7 times 10^9, and determine that the world population is more than 20 times larger."
Maryland,8,8.EE.A.4,"Perform operations with numbers expressed in scientific notation, including problems where both decimal and scientific notation are used. Use scientific notation and choose units of appropriate size for measurements of very large or very small quantities (e.g., use millimeters per year for seafloor spreading). Interpret scientific notation that has been generated by technology."
Maryland,8,8.EE.B.5,"Graph proportional relationships, interpreting the unit rate as the slope of the graph. Compare two different proportional relationships represented in different ways. For example, compare a distance-time graph to a distance-time equation to determine which of two moving objects has greater speed."
Maryland,8,8.EE.B.6,Use similar triangles to explain why the slope m is the same between any two distinct points on a non-vertical line in the coordinate plane; derive the equation y = mx for a line through the origin and the equation y = mx + b for a line intercepting the vertical axis at b.
Maryland,8,8.EE.C.7,Solve linear equations in one variable.
Maryland,8,8.EE.C.7a,"Give examples of linear equations in one variable with one solution, infinitely many solutions, or no solutions. Show which of these possibilities is the case by successively transforming the given equation into simpler forms, until an equivalent equation of the form x = a, a = a, or a = b results (where a and b are different numbers)."
Maryland,8,8.EE.C.7b,"Solve linear equations with rational number coefficients, including equations whose solutions require expanding expressions using the distributive property and collecting like terms."
Maryland,8,8.EE.C.8,Analyze and solve pairs of simultaneous linear equations.
Maryland,8,8.EE.C.8a,"Understand that solutions to a system of two linear equations in two variables correspond to points of intersection of their graphs, because points of intersection satisfy both equations simultaneously."
Maryland,8,8.EE.C.8b,"Solve systems of two linear equations in two variables algebraically, and estimate solutions by graphing the equations. Solve simple cases by inspection. For example, 3x + 2y = 5 and 3x + 2y = 6 have no solution because 3x + 2y cannot simultaneously be 5 and 6."
Maryland,8,8.EE.C.8c,"Solve real-world and mathematical problems leading to two linear equations in two variables. For example, given coordinates for two pairs of points, determine whether the line through the first pair of points intersects the line through the second pair."
Maryland,8,8.F.A.1,Understand that a function is a rule that assigns to each input exactly one output. The graph of a function is the set of ordered pairs consisting of an input and the corresponding output. (Function notation is not required in Grade 8.)
Maryland,8,8.F.A.2,"Compare properties of two functions each represented in a different way (algebraically, graphically, numerically in tables, or by verbal descriptions). For example, given a linear function represented by a table of values and a linear function represented by an algebraic expression, determine which function has the greater rate of change."
Maryland,8,8.F.A.3,"Interpret the equation y = mx + b as defining a linear function, whose graph is a straight line; give examples of functions that are not linear. For example, the function A = s^2 giving the area of a square as a function of its side length is not linear because its graph contains the points (1,1), (2,4) and (3,9), which are not on a straight line."
Maryland,8,8.F.B.4,"Construct a function to model a linear relationship between two quantities. Determine the rate of change and initial value of the function from a description of a relationship or from two (x, y) values, including reading these from a table or from a graph. Interpret the rate of change and initial value of a linear function in terms of the situation it models, and in terms of its graph or a table of values."
Maryland,8,8.F.B.5,"Describe qualitatively the functional relationship between two quantities by analyzing a graph (e.g., where the function is increasing or decreasing, linear or nonlinear). Sketch a graph that exhibits the qualitative features of a function that has been described verbally."
Maryland,8,8.G.A.1,"Verify experimentally the properties of rotations, reflections, and translations:"
Maryland,8,8.G.A.1a,"Lines are taken to lines, and line segments to line segments of the same length."
Maryland,8,8.G.A.1b,Angles are taken to angles of the same measure.
Maryland,8,8.G.A.1c,Parallel lines are taken to parallel lines.
Maryland,8,8.G.A.2,"Understand that a two-dimensional figure is congruent to another if the second can be obtained from the first by a sequence of rotations, reflections, and translations; given two congruent figures, describe a sequence that exhibits the congruence between them."
Maryland,8,8.G.A.3,"Describe the effect of dilations, translations, rotations, and reflections on two-dimensional figures using coordinates."
Maryland,8,8.G.A.4,"Understand that a two-dimensional figure is similar to another if the second can be obtained from the first by a sequence of rotations, reflections, translations, and dilations; given two similar two-dimensional figures, describe a sequence that exhibits the similarity between them."
Maryland,8,8.G.A.5,"Use informal arguments to establish facts about the angle sum and exterior angle of triangles, about the angles created when parallel lines are cut by a transversal, and the angle-angle criterion for similarity of triangles. For example, arrange three copies of the same triangle so that the sum of the three angles appears to form a line, and give an argument in terms of transversals why this is so."
Maryland,8,8.G.B.6,Explain a proof of the Pythagorean Theorem and its converse.
Maryland,8,8.G.B.7,Apply the Pythagorean Theorem to determine unknown side lengths in right triangles in real-world and mathematical problems in two and three dimensions.
Maryland,8,8.G.B.8,Apply the Pythagorean Theorem to find the distance between two points in a coordinate system.
Maryland,8,8.G.C.9,"Know the formulas for the volumes of cones, cylinders, and spheres and use them to solve real-world and mathematical problems."
Maryland,8,8.SP.A.1,"Construct and interpret scatter plots for bivariate measurement data to investigate patterns of association between two quantities. Describe patterns such as clustering, outliers, positive or negative association, linear association, and nonlinear association."
Maryland,8,8.SP.A.2,"Know that straight lines are widely used to model relationships between two quantitative variables. For scatter plots that suggest a linear association, informally fit a straight line, and informally assess the model fit by judging the closeness of the data points to the line."
Maryland,8,8.SP.A.3,"Use the equation of a linear model to solve problems in the context of bivariate measurement data, interpreting the slope and intercept. For example, in a linear model for a biology experiment, interpret a slope of 1.5 cm/hr as meaning that an additional hour of sunlight each day is associated with an additional 1.5 cm in mature plant height."
Maryland,8,8.SP.A.4,"Understand that patterns of association can also be seen in bivariate categorical data by displaying frequencies and relative frequencies in a two-way table. Construct and interpret a two-way table summarizing data on two categorical variables collected from the same subjects. Use relative frequencies calculated for rows or columns to describe possible association between the two variables. For example, collect data from students in your class on whether or not they have a curfew on school nights and whether or not they have assigned chores at home. Is there evidence that those who have a curfew also tend to have chores?"
Maryland,Algebra 1,N.RN.B.3,Explain why the sum or product of two rational numbers is rational; that the sum of a rational number and an irrational number is irrational; and that the product of a nonzero rational number and an irrational number is irrational.
Maryland,Algebra 1,N.Q.A.1,Use units as a way to understand problems and to guide the solution of multi-step problems; choose and interpret units consistently in formulas; choose and interpret the scale and the origin in graphs and data displays.
Maryland,Algebra 1,N.Q.A.2,Define appropriate quantities for the purpose of descriptive modeling. Choose a level of accuracy appropriate to limitations on measurement when reporting quantities.
Maryland,Algebra 1,N.Q.A.3,Choose a level of accuracy appropriate to limitations on measurement when reporting quantities.
Maryland,Algebra 1,A.SSE.A.1,Interpret expressions that represent a quantity in terms of its context.
Maryland,Algebra 1,A.SSE.A.1a,"Interpret parts of an expression, such as terms, factors, and coefficients."
Maryland,Algebra 1,A.SSE.A.1b,"Interpret complicated expressions by viewing one or more of their parts as a single entity. For example, interpret P(1 + r)^n as the product of P and a factor not depending on P."
Maryland,Algebra 1,A.SSE.A.2,"Use the structure of an expression to identify ways to rewrite it. For example, see x^4 - y^4 as (x^2)^2 - (y^2)^2, thus recognizing it as a difference of squares that can be factored as (x^2 - y^2)(x^2 - y^2)."
Maryland,Algebra 1,A.SSE.B.3,Choose and produce an equivalent form of an expression to reveal and explain properties of the quantity represented by the expression.
Maryland,Algebra 1,A.SSE.B.3a,Factor a quadratic expression to reveal the zeros of the function it defines.
Maryland,Algebra 1,A.SSE.B.3b,Complete the square in a quadratic expression to reveal the maximum or minimum value of the function it defines.
Maryland,Algebra 1,A.SSE.B.3c,"Use the properties of exponents to transform expressions for exponential functions. For example, the expression 1.15^t can be rewritten as (1.15^(1/12))^(12t) which is approximately 1.012^(12t) to reveal the approximate equivalent monthly interest rate if the annual rate is 15%."
Maryland,Algebra 1,A.APR.A.1,"Understand that polynomials form a system analogous to the integers, namely, they are closed under the operations of addition, subtraction, and multiplication; add, subtract, and multiply polynomials."
Maryland,Algebra 1,A.APR.B.3,"Identify zeros of polynomials when suitable factorizations are available, and use the zeros to construct a rough graph of the function defined by the polynomial."
Maryland,Algebra 1,A.CED.A.1,"Create equations and inequalities in one variable and use them to solve problems. Include equations arising from linear and quadratic functions, and simple rational and exponential functions."
Maryland,Algebra 1,A.CED.A.2,Create equations in two or more variables to represent relationships between quantities; graph equations on coordinate axes with labels and scales.
Maryland,Algebra 1,A.CED.A.3,"Represent constraints by equations or inequalities, and by systems of equations and/or inequalities, and interpret solutions as viable or nonviable options in a modeling context. For example, represent inequalities describing nutritional and cost constraints on combinations of different foods."
Maryland,Algebra 1,A.CED.A.4,"Rearrange formulas to highlight a quantity of interest, using the same reasoning as in solving equations. For example, rearrange Ohm's law V = IR to highlight resistance R."
Maryland,Algebra 1,A.REI.A.1,"Explain each step in solving a simple equation as following from the equality of numbers asserted at the previous step, starting from the assumption that the original equation has a solution. Construct a viable argument to justify a solution method."
Maryland,Algebra 1,A.REI.B.3,"Solve linear equations and inequalities in one variable, including equations with coefficients represented by letters."
Maryland,Algebra 1,A.REI.B.4,Solve quadratic equations in one variable.
Maryland,Algebra 1,A.REI.B.4a,Use the method of completing the square to transform any quadratic equation in x into an equation of the form (x - p)^2 = q that has the same solutions. Derive the quadratic formula from this form.
Maryland,Algebra 1,A.REI.B.4b,"Solve quadratic equations by inspection (e.g., for x^2 = 49), taking square roots, completing the square, the quadratic formula and factoring, as appropriate to the initial form of the equation. Recognize when the quadratic formula gives complex solutions and write them as a +/- bi for real numbers a and b."
Maryland,Algebra 1,A.REI.C.5,"Prove that, given a system of two equations in two variables, replacing one equation by the sum of that equation and a multiple of the other produces a system with the same solutions."
Maryland,Algebra 1,A.REI.C.6,"Solve systems of linear equations exactly and approximately (e.g., with graphs), focusing on pairs of linear equations in two variables."
Maryland,Algebra 1,A.REI.D.10,"Understand that the graph of an equation in two variables is the set of all its solutions plotted in the coordinate plane, often forming a curve (which could be a line)."
Maryland,Algebra 1,A.REI.D.11,"Explain why the x-coordinates of the points where the graphs of the equations y = f(x) and y = g(x) intersect are the solutions of the equation f(x) = g(x); find the solutions approximately, e.g., using technology to graph the functions, make tables of values, or find successive approximations. Include cases where f(x) and/or g(x) are linear, polynomial, rational, absolute value, exponential, and logarithmic functions."
Maryland,Algebra 1,A.REI.D.12,"Graph the solutions to a linear inequality in two variables as a half-plane (excluding the boundary in the case of a strict inequality), and graph the solution set to a system of linear inequalities in two variables as the intersection of the corresponding half-planes."
Maryland,Algebra 1,F.IF.A.1,"Understand that a function from one set (called the domain) to another set (called the range) assigns to each element of the domain exactly one element of the range. If f is a function and x is an element of its domain, then f(x) denotes the output of f corresponding to the input x. The graph of f is the graph of the equation y = f(x)."
Maryland,Algebra 1,F.IF.A.2,"Use function notation, evaluate functions for inputs in their domains, and interpret statements that use function notation in terms of a context."
Maryland,Algebra 1,F.IF.A.3,"Recognize that sequences are functions, sometimes defined recursively, whose domain is a subset of the integers. For example, the Fibonacci sequence is defined recursively by f(0) = f(1) = 1, f(n + 1) = f(n) + f(n - 1) for n >= 1."
Maryland,Algebra 1,F.IF.B.4,"For a function that models a relationship between two quantities, interpret key features of graphs and tables in terms of the quantities, and sketch graphs showing key features given a verbal description of the relationship. Key features include: intercepts; intervals where the function is increasing, decreasing, positive, or negative; relative maximums and minimums; symmetries; end behavior; and periodicity."
Maryland,Algebra 1,F.IF.B.5,"Relate the domain of a function to its graph and, where applicable, to the quantitative relationship it describes. For example, if the function h(n) gives the number of person-hours it takes to assemble n engines in a factory, then the positive integers would be an appropriate domain for the function."
Maryland,Algebra 1,F.IF.B.6,Calculate and interpret the average rate of change of a function (presented symbolically or as a table) over a specified interval. Estimate the rate of change from a graph.
Maryland,Algebra 1,F.IF.C.7,"Graph functions expressed symbolically and show key features of the graph, by hand in simple cases and using technology for more complicated cases."
Maryland,Algebra 1,F.IF.C.7a,"Graph linear and quadratic functions and show intercepts, maxima, and minima."
Maryland,Algebra 1,F.IF.C.7b,"Graph square root, cube root, and piecewise-defined functions, including step functions and absolute value functions."
Maryland,Algebra 1,F.IF.C.8,"Write a function defined by an expression in different but equivalent forms to reveal and explain different properties of the function. a. Use the process of factoring and completing the square in a quadratic function to show zeros, extreme values, and symmetry of the graph, and interpret these in terms of a context."
Maryland,Algebra 1,F.IF.C.9,"Compare properties of two functions each represented in a different way (algebraically, graphically, numerically in tables, or by verbal descriptions). For example, given a graph of one quadratic function and an algebraic expression for another, say which has the larger maximum."
Maryland,Algebra 1,F.BF.A.1,"Write a function that describes a relationship between two quantities. a. Determine an explicit expression, a recursive process, or steps for calculation from a context."
Maryland,Algebra 1,F.BF.B.3,"Identify the effect on the graph of replacing f(x) by f(x) + k, k f(x), f(kx), and f(x + k) for specific values of k (both positive and negative); find the value of k given the graphs. Experiment with cases and illustrate an explanation of the effects on the graph using technology. Include recognizing even and odd functions from their graphs and algebraic expressions for them."
Maryland,Algebra 1,F.LE.A.1,Distinguish between situations that can be modeled with linear functions and with exponential functions.
Maryland,Algebra 1,F.LE.A.1a,"Prove that linear functions grow by equal differences over equal intervals, and that exponential functions grow by equal factors over equal intervals."
Maryland,Algebra 1,F.LE.A.1b,Recognize situations in which one quantity changes at a constant rate per unit interval relative to another.
Maryland,Algebra 1,F.LE.A.1c,Recognize situations in which a quantity grows or decays by a constant percent rate per unit interval relative to another.
Maryland,Algebra 1,F.LE.A.2,"Construct linear and exponential functions, including arithmetic and geometric sequences, given a graph, a description of a relationship, or two input-output pairs (include reading these from a table)."
Maryland,Algebra 1,F.LE.A.3,"Observe using graphs and tables that a quantity increasing exponentially eventually exceeds a quantity increasing linearly, quadratically, or (more generally) as a polynomial function."
Maryland,Algebra 1,F.LE.B.5,Interpret the parameters in a linear or exponential function in terms of a context.
Maryland,Algebra 1,S.ID.B.6,"Represent data on two quantitative variables on a scatter plot, and describe how the variables are related."
Maryland,Algebra 1,S.ID.B.6a,"Fit a function to the data; use functions fitted to data to solve problems in the context of the data. Use given functions or choose a function suggested by the context. Emphasize linear, quadratic, and exponential models."
Maryland,Algebra 1,S.ID.B.6b,Informally assess the fit of a function by plotting and analyzing residuals.
Maryland,Algebra 1,S.ID.B.6c,Fit a linear function for a scatter plot that suggests a linear association.
Maryland,Algebra 1,S.ID.C.7,Interpret the slope (rate of change) and the intercept (constant term) of a linear model in the context of the data.
Maryland,Algebra 1,S.ID.C.8,Compute (using technology) and interpret the correlation coefficient of a linear fit.
Maryland,Algebra 1,S.ID.C.9,Distinguish between correlation and causation.
Maryland,Algebra 2,N.RN.A.1,"Explain how the definition of the meaning of rational exponents follows from extending the properties of integer exponents to those values, allowing for a notation for radicals in terms of rational exponents. For example, we define 5^(1/3) to be the cube root of 5 because we want (5^(1/3))^3 = 5^((1/3)*3) to hold, so (5^(1/3))^3 must equal 5."
Maryland,Algebra 2,N.RN.A.2,Rewrite expressions involving radicals and rational exponents using the properties of exponents.
Maryland,Algebra 2,N.Q.A.2,Define appropriate quantities for the purpose of descriptive modeling.
Maryland,Algebra 2,N.CN.A.1,"Know there is a complex number i such that i^2 = -1, and every complex number has the form a + bi with a and b real."
Maryland,Algebra 2,N.CN.A.2,"Use the relation i^2 = -1 and the commutative, associative, and distributive properties to add, subtract, and multiply complex numbers."
Maryland,Algebra 2,N.CN.C.7,Solve quadratic equations with real coefficients that have complex solutions.
Maryland,Algebra 2,A.SSE.A.2,"Use the structure of an expression to identify ways to rewrite it. For example, see x^4 - y^4 as (x^2)^2 - (y^2)^2, thus recognizing it as a difference of squares that can be factored as (x^2 - y^2)(x^2 - y^2)."
Maryland,Algebra 2,A.SSE.B.3,Choose and produce an equivalent form of an expression to reveal and explain properties of the quantity represented by the expression.
Maryland,Algebra 2,A.SSE.B.3a,Factor a quadratic expression to reveal the zeros of the function it defines.
Maryland,Algebra 2,A.SSE.B.3b,Complete the square in a quadratic expression to reveal the maximum or minimum value of the function it defines.
Maryland,Algebra 2,A.SSE.B.3c,"Use the properties of exponents to transform expressions for exponential functions. For example, the expression 1.15^t can be rewritten as (1.15^(1/12))^(12t) which is approximately 1.012^(12t) to reveal the approximate equivalent monthly interest rate if the annual rate is 15%."
Maryland,Algebra 2,A.SSE.B.4,"Derive the formula for the sum of a finite geometric series (when the common ratio is not 1), and use the formula to solve problems. For example, calculate mortgage payments."
Maryland,Algebra 2,A.APR.B.2,"Know and apply the Remainder Theorem: For a polynomial p(x) and a number a, the remainder on division by x - a is p(a) so p(a) = 0 if and only if (x - a) is a factor of p(x)."
Maryland,Algebra 2,A.APR.B.3,Identify zeros of polynomials when suitable factorizations are available; use the zeros to construct a rough graph of the function defined by the polynomial.
Maryland,Algebra 2,A.APR.C.4,"Prove polynomial identities and use them to describe numerical relationships. For example, the polynomial identity (x^2 + y^2)^2 = (x^2 - y^2)^2 + (2xy)^2 can be used to generate Pythagorean triples."
Maryland,Algebra 2,A.APR.D.6,"Rewrite simple rational expressions in different forms; write a(x)/b(x) in the form q(x) + r(x)/b(x), where a(x), b(x), q(x), and r(x) are polynomials with the degree of r(x) less than the degree of b(x), using inspection, long division, or, for the more complicated examples, a computer algebra system."
Maryland,Algebra 2,A.CED.A.1,"Create equations and inequalities in one variable and use them to solve problems. Include equations arising from linear and quadratic functions, and simple rational and exponential functions."
Maryland,Algebra 2,A.REI.A.1,"Explain each step in solving a simple equation as following from the equality of numbers asserted at the previous step, starting from the assumption that the original equation has a solution. Construct a viable argument to justify a solution method."
Maryland,Algebra 2,A.REI.A.2,"Solve simple rational and radical equations in one variable, and give examples showing how extraneous solutions may arise."
Maryland,Algebra 2,A.REI.B.4,"Solve quadratic equations in one variable. b. Solve quadratic equations by inspection (e.g., for x^2 = 49), taking square roots, completing the square, the quadratic formula and factoring, as appropriate to the initial form of the equation. Recognize when the quadratic formula gives complex solutions and write them as a +/- bi for real numbers a and b."
Maryland,Algebra 2,A.REI.C.6,"Solve systems of linear equations exactly and approximately (e.g., with graphs), focusing on pairs of linear equations in two variables."
Maryland,Algebra 2,A.REI.C.7,"Solve a simple system consisting of a linear equation and a quadratic equation in two variables algebraically and graphically. For example, find the points of intersection between the line y = -3x and the circle x^2 + y^2 = 3."
Maryland,Algebra 2,A.REI.D.11,"Explain why the x-coordinates of the points where the graphs of the equations y = f(x) and y = g(x) intersect are the solutions of the equation f(x) = g(x); find the solutions approximately, e.g., using technology to graph the functions, make tables of values, or find successive approximations. Include cases where f(x) and/or g(x) are linear, polynomial, rational, absolute value, exponential, and logarithmic functions."
Maryland,Algebra 2,F.IF.A.3,"Recognize that sequences are functions, sometimes defined recursively, whose domain is a subset of the integers. For example, the Fibonacci sequence is defined recursively by f(0) = f(1) = 1, f(n + 1) = f(n) + f(n - 1) for n >= 1."
Maryland,Algebra 2,F.IF.B.4,"For a function that models a relationship between two quantities, interpret key features of graphs and tables in terms of the quantities, and sketch graphs showing key features given a verbal description of the relationship. Key features include: intercepts; intervals where the function is increasing, decreasing, positive, or negative; relative maximums and minimums; symmetries; end behavior; and periodicity."
Maryland,Algebra 2,F.IF.B.6,Calculate and interpret the average rate of change of a function (presented symbolically or as a table) over a specified interval. Estimate the rate of change from a graph.
Maryland,Algebra 2,F.IF.C.7,"Graph functions expressed symbolically and show key features of the graph, by hand in simple cases and using technology for more complicated cases."
Maryland,Algebra 2,F.IF.C.7a,"Graph linear and quadratic functions and show intercepts, maxima, and minima."
Maryland,Algebra 2,F.IF.C.7b,"Graph square root, cube root, and piecewise-defined functions, including step functions and absolute value functions."
Maryland,Algebra 2,F.IF.C.7c,"Graph polynomial functions, identifying zeros when suitable factorizations are available, and showing end behavior."
Maryland,Algebra 2,F.IF.C.7e,"Graph exponential and logarithmic functions, showing intercepts and end behavior, and trigonometric functions, showing period, midline, and amplitude."
Maryland,Algebra 2,F.IF.C.8,Write a function defined by an expression in different but equivalent forms to reveal and explain different properties of the function.
Maryland,Algebra 2,F.IF.C.8a,"Use the process of factoring and completing the square in a quadratic function to show zeros, extreme values, and symmetry of the graph, and interpret these in terms of a context."
Maryland,Algebra 2,F.IF.C.8b,"Use the properties of exponents to interpret expressions for exponential functions. For example, identify percent rate of change in functions such as y = (1.02)^t, y = (0.97)^t, y = (1.01)^(12t), y = (1.2)^(t/10), and classify them as representing exponential growth or decay."
Maryland,Algebra 2,F.IF.C.9,"Compare properties of two functions each represented in a different way (algebraically, graphically, numerically in tables, or by verbal descriptions). For example, given a graph of one quadratic function and an algebraic expression for another, say which has the larger maximum."
Maryland,Algebra 2,F.BF.A.1,Write a function that describes a relationship between two quantities.
Maryland,Algebra 2,F.BF.A.1a,"Determine an explicit expression, a recursive process, or steps for calculation from a context."
Maryland,Algebra 2,F.BF.A.1b,"Combine standard function types using arithmetic operations. For example, build a function that models the temperature of a cooling body by adding a constant function to a decaying exponential, and relate these functions to the model."
Maryland,Algebra 2,F.BF.A.2,"Write arithmetic and geometric sequences both recursively and with an explicit formula, use them to model situations, and translate between the two forms."
Maryland,Algebra 2,F.BF.B.3,"Identify the effect on the graph of replacing f(x) by f(x) + k, k f(x), f(kx), and f(x + k) for specific values of k (both positive and negative); find the value of k given the graphs. Experiment with cases and illustrate an explanation of the effects on the graph using technology. Include recognizing even and odd functions from their graphs and algebraic expressions for them."
Maryland,Algebra 2,F.BF.B.4,"Find inverse functions. a. Solve an equation of the form f(x) = c for a simple function f that has an inverse and write an expression for the inverse. For example, f(x) = 2x^3 or f(x) = (x+1)/(x-1) for x != 1."
Maryland,Algebra 2,F.LE.A.2,"Construct linear and exponential functions, including arithmetic and geometric sequences, given a graph, a description of a relationship, or two input-output pairs (include reading these from a table)."
Maryland,Algebra 2,F.LE.A.4,"For exponential models, express as a logarithm the solution to a*b^(ct) = d where a, c, and d are numbers and the base b is 2, 10, or e; evaluate the logarithm using technology."
Maryland,Algebra 2,F.LE.B.5,Interpret the parameters in a linear or exponential function in terms of a context.
Maryland,Algebra 2,F.TF.A.1,Understand radian measure of an angle as the length of the arc on the unit circle subtended by the angle.
Maryland,Algebra 2,F.TF.A.2,"Explain how the unit circle in the coordinate plane enables the extension of trigonometric functions to all real numbers, interpreted as radian measures of angles traversed counterclockwise around the unit circle."
Maryland,Algebra 2,F.TF.B.5,"Choose trigonometric functions to model periodic phenomena with specified amplitude, frequency, and midline."
Maryland,Algebra 2,F.TF.C.8,"Prove the Pythagorean identity sin^2(theta) + cos^2(theta) = 1 and use it to find sin(theta), cos(theta), or tan(theta) given sin(theta), cos(theta), or tan(theta) and the quadrant of the angle."
Maryland,Algebra 2,S.ID.B.6,"Represent data on two quantitative variables on a scatter plot, and describe how the variables are related. a. Fit a function to the data; use functions fitted to data to solve problems in the context of the data. Use given functions or choose a function suggested by the context. Emphasize linear, quadratic, and exponential models."
Maryland,Geometry,G.CO.A.1,"Know precise definitions of angle, circle, perpendicular line, parallel line, and line segment, based on the undefined notions of point, line, distance along a line, and distance around a circular arc."
Maryland,Geometry,G.CO.A.2,"Represent transformations in the plane using, e.g., transparencies and geometry software; describe transformations as functions that take points in the plane as inputs and give other points as outputs. Compare transformations that preserve distance and angle to those that do not (e.g., translation versus horizontal stretch)."
Maryland,Geometry,G.CO.A.3,"Given a rectangle, parallelogram, trapezoid, or regular polygon, describe the rotations and reflections that carry it onto itself."
Maryland,Geometry,G.CO.A.4,"Develop definitions of rotations, reflections, and translations in terms of angles, circles, perpendicular lines, parallel lines, and line segments."
Maryland,Geometry,G.CO.A.5,"Given a geometric figure and a rotation, reflection, or translation, draw the transformed figure using, e.g., graph paper, tracing paper, or geometry software. Specify a sequence of transformations that will carry a given figure onto another."
Maryland,Geometry,G.CO.B.6,"Use geometric descriptions of rigid motions to transform figures and to predict the effect of a given rigid motion on a given figure; given two figures, use the definition of congruence in terms of rigid motions to decide if they are congruent."
Maryland,Geometry,G.CO.B.7,Use the definition of congruence in terms of rigid motions to show that two triangles are congruent if and only if corresponding pairs of sides and corresponding pairs of angles are congruent.
Maryland,Geometry,G.CO.B.8,"Explain how the criteria for triangle congruence (ASA, SAS, and SSS) follow from the definition of congruence in terms of rigid motions."
Maryland,Geometry,G.CO.C.9,"Prove theorems about lines and angles. Theorems include: vertical angles are congruent; when a transversal crosses parallel lines, alternate interior angles are congruent and corresponding angles are congruent; points on a perpendicular bisector of a line segment are exactly those equidistant from the segment's endpoints."
Maryland,Geometry,G.CO.C.10,Prove theorems about triangles. Theorems include: measures of interior angles of a triangle sum to 180 degrees; base angles of isosceles triangles are congruent; the segment joining midpoints of two sides of a triangle is parallel to the third side and half the length; the medians of a triangle meet at a point.
Maryland,Geometry,G.CO.C.11,"Prove theorems about parallelograms. Theorems include: opposite sides are congruent, opposite angles are congruent, the diagonals of a parallelogram bisect each other, and conversely, rectangles are parallelograms with congruent diagonals."
Maryland,Geometry,G.CO.D.12,"Make formal geometric constructions with a variety of tools and methods (compass and straightedge, string, reflective devices, paper folding, dynamic geometric software, etc.). Copying a segment; copying an angle; bisecting a segment; bisecting an angle; constructing perpendicular lines, including the perpendicular bisector of a line segment; and constructing a line parallel to a given line through a point not on the line."
Maryland,Geometry,G.CO.D.13,"Construct an equilateral triangle, a square, and a regular hexagon inscribed in a circle."
Maryland,Geometry,G.SRT.A.1,Verify experimentally the properties of dilations given by a center and a scale factor.
Maryland,Geometry,G.SRT.A.1a,"A dilation takes a line not passing through the center of the dilation to a parallel line, and leaves a line passing through the center unchanged."
Maryland,Geometry,G.SRT.A.1b,The dilation of a line segment is longer or shorter in the ratio given by the scale factor.
Maryland,Geometry,G.SRT.A.2,"Given two figures, use the definition of similarity in terms of similarity transformations to decide if they are similar; explain using similarity transformations the meaning of similarity for triangles as the equality of all corresponding pairs of angles and the proportionality of all corresponding pairs of sides."
Maryland,Geometry,G.SRT.A.3,Use the properties of similarity transformations to establish the AA criterion for two triangles to be similar.
Maryland,Geometry,G.SRT.B.4,"Prove theorems about triangles. Theorems include: a line parallel to one side of a triangle divides the other two proportionally, and conversely; the Pythagorean Theorem proved using triangle similarity."
Maryland,Geometry,G.SRT.B.5,Use congruence and similarity criteria for triangles to solve problems and to prove relationships in geometric figures.
Maryland,Geometry,G.SRT.C.6,"Understand that by similarity, side ratios in right triangles are properties of the angles in the triangle, leading to definitions of trigonometric ratios for acute angles."
Maryland,Geometry,G.SRT.C.7,Explain and use the relationship between the sine and cosine of complementary angles.
Maryland,Geometry,G.SRT.C.8,Use trigonometric ratios and the Pythagorean Theorem to solve right triangles in applied problems.
Maryland,Geometry,G.C.A.1,Prove that all circles are similar.
Maryland,Geometry,G.C.A.2,"Identify and describe relationships among inscribed angles, radii, and chords. Include the relationship between central, inscribed, and circumscribed angles; inscribed angles on a diameter are right angles; the radius of a circle is perpendicular to the tangent where the radius intersects the circle."
Maryland,Geometry,G.C.A.3,"Construct the inscribed and circumscribed circles of a triangle, and prove properties of angles for a quadrilateral inscribed in a circle."
Maryland,Geometry,G.C.B.5,"Derive using similarity the fact that the length of the arc intercepted by an angle is proportional to the radius, and define the radian measure of the angle as the constant of proportionality; derive the formula for the area of a sector."
Maryland,Geometry,G.GPE.A.1,Derive the equation of a circle of given center and radius using the Pythagorean Theorem; complete the square to find the center and radius of a circle given by an equation.
Maryland,Geometry,G.GPE.B.4,"Use coordinates to prove simple geometric theorems algebraically. For example, prove or disprove that a figure defined by four given points in the coordinate plane is a rectangle; prove or disprove that the point (1, sqrt(3)) lies on the circle centered at the origin and containing the point (0, 2)."
Maryland,Geometry,G.GPE.B.5,"Prove the slope criteria for parallel and perpendicular lines and use them to solve geometric problems (e.g., find the equation of a line parallel or perpendicular to a given line that passes through a given point)."
Maryland,Geometry,G.GPE.B.6,Find the point on a directed line segment between two given points that partitions the segment in a given ratio.
Maryland,Geometry,G.GPE.B.7,"Use coordinates to compute perimeters of polygons and areas of triangles and rectangles, e.g., using the distance formula."
Maryland,Geometry,G.GMD.A.1,"Give an informal argument for the formulas for the circumference of a circle, area of a circle, volume of a cylinder, pyramid, and cone. Use dissection arguments, Cavalieri's principle, and informal limit arguments."
Maryland,Geometry,G.GMD.A.3,"Use volume formulas for cylinders, pyramids, cones, and spheres to solve problems."
Maryland,Geometry,G.GMD.B.4,"Identify the shapes of two-dimensional cross-sections of three-dimensional objects, and identify three-dimensional objects generated by rotations of two-dimensional objects."
Maryland,Geometry,G.MG.A.1,"Use geometric shapes, their measures, and their properties to describe objects (e.g., modeling a tree trunk or a human torso as a cylinder)."
Maryland,Geometry,G.MG.A.2,"Apply concepts of density based on area and volume in modeling situations (e.g., persons per square mile, BTUs per cubic foot)."
Maryland,Geometry,G.MG.A.3,"Apply geometric methods to solve design problems (e.g., designing an object or structure to satisfy physical constraints or minimize cost; working with typographic grid systems based on ratios)."
Maryland,Statistics,S.ID.A.1,"Represent data with plots on the real number line (dot plots, histograms and box plots)."
Maryland,Statistics,S.ID.A.2,"Use statistics appropriate to the shape of the data distribution to compare center (median, mean) and spread (interquartile range, standard deviation) of two or more different data sets."
Maryland,Statistics,S.ID.A.3,"Interpret differences in shape, center, and spread in the context of the data sets, accounting for possible effects of extreme data points (outliers)."
Maryland,Statistics,S.ID.A.4,"Use the mean and standard deviation of a data set to fit it to a normal distribution and to estimate population percentages. Recognize that there are data sets for which such a procedure is not appropriate. Use calculators, spreadsheets, and tables to estimate areas under the normal curve."
Maryland,Statistics,S.ID.B.5,"Summarize categorical data for two categories in two-way frequency tables. Interpret relative frequencies in the context of the data (including joint, marginal, and conditional relative frequencies). Recognize possible associations and trends in the data."
Maryland,Statistics,S.ID.B.6,Represent data on two quantitative variables on a scatter plot and describe how the variables are related.
Maryland,Statistics,S.ID.B.6a,"Fit a function to the data; use functions fitted to data to solve problems in the context of the data. Use given functions or choose a function suggested by the context. Emphasize linear, quadratic, and exponential models."
Maryland,Statistics,S.ID.B.6b,Informally assess the fit of a function by plotting and analyzing residuals.
Maryland,Statistics,S.ID.B.6c,Fit a linear function for a scatter plot that suggests a linear association.
Maryland,Statistics,S.ID.C.7,Interpret the slope (rate of change) and the intercept (constant term) of a linear model in the context of the data.
Maryland,Statistics,S.ID.C.8,Compute (using technology) and interpret the correlation coefficient of a linear fit.
Maryland,Statistics,S.ID.C.9,Distinguish between correlation and causation.
Maryland,Statistics,S.IC.A.1,Understand statistics as a process for making inferences about population parameters based on a random sample from that population.
Maryland,Statistics,S.IC.A.1a,Introduce sampling distributions as a means to explore variability in sample statistics and ultimately evaluate a claim about a population.
Maryland,Statistics,S.IC.A.2,"Decide if a specified model is consistent with results from a given data-generating process, e.g., using simulation. For example, a model says a spinning coin falls heads up with probability 0.5. Would a result of 5 tails in a row cause you to question the model?"
Maryland,Statistics,S.IC.B.3,"Recognize the purposes of and differences among sample surveys, experiments, and observational studies; explain how randomization relates to each."
Maryland,Statistics,S.IC.B.4,Use data from a sample survey to estimate a population mean or proportion; develop a margin of error through the use of simulation models for random sampling.
Maryland,Statistics,S.IC.B.5,Use data from a randomized experiment to compare two treatments; use simulations to decide if differences between parameters are significant.
Maryland,Statistics,S.IC.B.6,Evaluate reports based on data.
Maryland,Statistics,S.IC.B.7,Conduct statistical investigations.
Maryland,Statistics,S.IC.B.7a,Conduct observational studies.
Maryland,Statistics,S.IC.B.7b,Conduct statistical experiments.
Maryland,Statistics,S.CP.A.1,"Describe events as subsets of a sample space (the set of outcomes) using characteristics (or categories) of the outcomes, or as unions, intersections, or complements of other events (“or”, “and”, “not”)."
Maryland,Statistics,S.CP.A.2,Understand that two events A and B are independent if the probability of A and B occurring together is the product of their probabilities and use this characterization to determine if they are independent.
Maryland,Statistics,S.CP.A.3,"Understand the conditional probability of A given B as P(A and B)/P(B), and interpret independence of A and B as saying that the conditional probability of A given B is the same as the probability of A, and the conditional probability of B given A is the same as the probability of B."
Maryland,Statistics,S.CP.A.4,"Construct and interpret two-way frequency tables of data when two categories are associated with each object being classified. Use the two-way table as a sample space to decide if events are independent and to approximate conditional probabilities. For example, collect data from a random sample of students in your school on their favorite subject among math, science, and English. Estimate the probability that a randomly selected student from your school will favor science given that the student is in tenth grade. Do the same for other subjects and compare the results."
Maryland,Statistics,S.CP.A.5,"Recognize and explain the concepts of conditional probability and independence in everyday language and everyday situations. For example, compare the chance of having lung cancer if you are a smoker with the chance of being a smoker if you have lung cancer."
Maryland,Statistics,S.CP.B.6,Find the conditional probability of A given B as the fraction of B's outcomes that also belong to A and interpret the answer in terms of the model.
Maryland,Statistics,S.CP.B.7,"Apply the Addition Rule, P(A or B) = P(A) + P(B) - P(A and B), and interpret the answer in terms of the model."
Maryland,Statistics,S.CP.B.8,"Apply the general Multiplication Rule in a uniform probability model, P(A and B) = P(A)P(B|A) = P(B)P(A|B), and interpret the answer in terms of the model."
Maryland,Statistics,S.CP.B.9,Use permutations and combinations to compute probabilities of compound events and solve problems.
Maryland,Statistics,S.MD.A.1,Define a random variable for a quantity of interest by assigning a numerical value to each event in a sample space; graph the corresponding probability distribution using the same graphical displays as for data distributions.
Maryland,Statistics,S.MD.A.2,Calculate the expected value of a random variable; interpret it as the mean of the probability distribution.
Maryland,Statistics,S.MD.A.3,"Develop a probability distribution for a random variable defined for a sample space in which theoretical probabilities can be calculated; find the expected value. For example, find the theoretical probability distribution for the number of correct answers obtained by guessing on all five questions of a multiple-choice test where each question has four choices, and find the expected grade under various grading schemes."
Maryland,Statistics,S.MD.A.4,"Develop a probability distribution for a random variable defined for a sample space in which probabilities are assigned empirically; find the expected value. For example, find a current data distribution on the number of TV sets per household in the United States, and calculate the expected number of sets per household. How many TV sets would you expect to find in 100 randomly selected households?"
Maryland,Statistics,S.MD.B.5,Weigh the possible outcomes of a decision by assigning probabilities to payoff values and finding expected values.
Maryland,Statistics,S.MD.B.5a,"Find the expected payoff for a game of chance. For example, find the expected winnings from a state lottery ticket or a game at a fast-food restaurant."
Maryland,Statistics,S.MD.B.5b,"Evaluate and compare strategies based on expected values. For example, compare a high-deductible versus a low-deductible automobile insurance policy using various, but reasonable, chances of having a minor or a major accident."
Maryland,Statistics,S.MD.B.6,"Use probabilities to make fair decisions (e.g., drawing by lots, using a random number generator)."
Maryland,Statistics,S.MD.B.7,"Analyze decisions and strategies using probability concepts (e.g., product testing, medical testing, pulling a hockey goalie at the end of a game)."
Maryland,Precalculus,N.CN.C.8,"Extend polynomial identities to the complex numbers. For example, rewrite x^2 + 4 as (x + 2i)(x - 2i)."
Maryland,Precalculus,N.CN.C.9,Know the Fundamental Theorem of Algebra; show that it is true for quadratic polynomials.
Maryland,Precalculus,A.SSE.A.2,Use the structure of an expression to identify ways to rewrite it.
Maryland,Precalculus,A.SSE.B.3,Choose and produce an equivalent form of an expression to reveal and explain properties of the quantity represented by the expression.
Maryland,Precalculus,A.SSE.B.3c,"Use the properties of exponents to transform expressions for exponential functions. For example, the expression 1.15^t can be rewritten as (1.15^(1/12))^(12t) which is approximately 1.012^(12t) to reveal the approximate equivalent monthly interest rate if the annual rate is 15%."
Maryland,Precalculus,A.APR.B.2,"Know and apply the Remainder Theorem: For a polynomial p(x) and a number a, the remainder on division by x - a is p(a), so p(a) = 0 if and only if (x - a) is a factor of p(x)."
Maryland,Precalculus,A.APR.B.3,"Identify zeros of polynomials when suitable factorizations are available, and use the zeros to construct a rough graph of the function defined by the polynomial."
Maryland,Precalculus,A.APR.B.3a,"Identify zeros of polynomials when suitable factorizations are available, and use the zeros to construct a rough graph of the function defined by the polynomial."
Maryland,Precalculus,A.APR.C.5,"Know and apply the Binomial Theorem for the expansion of (x + y)^n in powers of x and y for a positive integer n, where x and y are any numbers, with coefficients determined for example by Pascal's Triangle."
Maryland,Precalculus,A.APR.D.6,Rewrite simple rational expressions in different forms.
Maryland,Precalculus,A.APR.D.7,"Understand that rational expressions form a system analogous to the rational numbers, closed under addition, subtraction, multiplication and division by a nonzero rational expression; add, subtract, multiply and divide rational expressions."
Maryland,Precalculus,A.CED.A.1,"Create equations and inequalities in one variable and use them to solve problems. Include equations arising from linear and quadratic functions, and simple rational and exponential functions. ★"
Maryland,Precalculus,A.CED.A.1a,Create equations and inequalities in one variable and use them to solve problems.
Maryland,Precalculus,A.CED.A.1b,Create polynomial equations given roots.
Maryland,Precalculus,A.CED.A.3,"Represent constraints by equations or inequalities, and by systems of equations and/or inequalities, and interpret solutions as viable or nonviable options in a modeling context."
Maryland,Precalculus,A.REI.B,Solve equations and inequalities in one variable.
Maryland,Precalculus,A.REI.C.7,"Solve a simple system consisting of a linear equation and a quadratic equation in two variables algebraically and graphically. For example, find the points of intersection between the line y = -3x and the circle x^2 + y^2 = 3."
Maryland,Precalculus,A.REI.C.7a,Solve systems of equations comprised of various combinations of all algebraic and transcendental functions in two variables.
Maryland,Precalculus,F.IF.A.2,"Use function notation, evaluate functions for inputs in their domains, and interpret statements that use function notation in terms of a context."
Maryland,Precalculus,F.IF.A.2a,"Extend evaluating functions to include operations with composite functions, e.g. f(x + 2) - f(x)."
Maryland,Precalculus,F.IF.A.2a-limit,Understand the concept of limit of a function.
Maryland,Precalculus,F.IF.B.4,"For a function that models a relationship between two quantities, interpret key features of graphs and tables in terms of the quantities; sketch graphs showing key features given a verbal description of the relationship."
Maryland,Precalculus,F.IF.B.5,"Relate the domain of a function to its graph and, where applicable, to the quantitative relationship it describes."
Maryland,Precalculus,F.IF.C.7,"Graph functions expressed symbolically and show key features of the graph, by hand in simple cases and using technology for more complicated cases. ★"
Maryland,Precalculus,F.IF.C.7f,"Graph all functions including piecewise-defined functions, step functions and absolute value functions."
Maryland,Precalculus,F.IF.C.7g,Determine the end behavior of the graph of a polynomial function using the degree and leading coefficient.
Maryland,Precalculus,F.IF.C.8,Write a function defined by an expression in different but equivalent forms to reveal and explain different properties of the function.
Maryland,Precalculus,F.IF.C.9,"Compare properties of two functions each represented in a different way (algebraically, graphically, numerically in tables or by a verbal description)."
Maryland,Precalculus,F.BF.A.1,"Write a function that describes a relationship between two quantities, including more complex functions."
Maryland,Precalculus,F.BF.A.1c,"Compose functions. For example, if T(y) is the temperature in the atmosphere as a function of height, and h(t) is the height of a weather balloon as a function of time, then T(h(t)) is the temperature at the location of the weather balloon as a function of time."
Maryland,Precalculus,F.BF.B.3,"Identify the effect on the graph of replacing f(x) by f(x) + k, k f(x), f(kx), and f(x + k) for specific values of k (both positive and negative); find the value of k given the graphs. Experiment with cases and illustrate an explanation of the effects on the graph using technology. Include recognizing even and odd functions from their graphs and algebraic expressions for them."
Maryland,Precalculus,F.BF.B.4,Find inverse functions.
Maryland,Precalculus,F.BF.B.4b,Verify by composition that one function is the inverse of another.
Maryland,Precalculus,F.BF.B.4c,"Read values of an inverse function from a graph or a table, given that the function has an inverse."
Maryland,Precalculus,F.BF.B.4d,Produce an invertible function from a non-invertible function by restricting the domain.
Maryland,Precalculus,F.BF.B.4e,Build inverse trigonometric functions.
Maryland,Precalculus,F.BF.B.5,Understand the inverse relationship between exponents and logarithms and use this relationship to solve problems involving logarithms and exponents.
Maryland,Precalculus,F.LE.A.4,"For exponential models, express as a logarithm the solution to a b^(ct) = d where a, c, and d are numbers and the base b is 2, 10, or e; evaluate the logarithm using technology. ★"
Maryland,Precalculus,F.LE.A.4a,"Use properties of logarithms, including both common and natural logarithms, to rewrite and solve exponential models."
Maryland,Precalculus,F.TF.A.2,"Explain how the unit circle in the coordinate plane enables the extension of trigonometric functions to all real numbers, interpreted as radian measures of angles traversed counterclockwise around the unit circle."
Maryland,Precalculus,F.TF.A.3,"Use special triangles to determine geometrically the values of sine, cosine, tangent for pi/3, pi/4 and pi/6, and use the unit circle to express the values of sine, cosine, and tangent for x, pi + x, and 2pi - x in terms of their values for x, where x is any real number."
Maryland,Precalculus,F.TF.A.4,Use the unit circle to explain symmetry (odd and even) and periodicity of trigonometric functions.
Maryland,Precalculus,F.TF.B.5,Choose trigonometric functions to model real world phenomena.
Maryland,Precalculus,F.TF.B.6,Understand that restricting a trigonometric function to a domain on which it is always increasing or always decreasing allows its inverse to be constructed.
Maryland,Precalculus,F.TF.B.7,Use inverse functions to solve trigonometric equations that arise in modeling contexts; evaluate the solutions using technology and interpret them in context.
Maryland,Precalculus,F.TF.C.9,"(+) Prove the addition and subtraction formulas for sine, cosine, and tangent and use them to solve problems."
Maryland,Precalculus,F.TF.C.9a,Use trigonometric identities to rewrite expressions and as a tool when solving trigonometric equations.
Maryland,Precalculus,G.SRT.D.10,Prove the Laws of Sines and Cosines and use them to solve problems.
Maryland,Precalculus,G.SRT.D.11,"Understand and apply the Law of Sines and the Law of Cosines to find unknown measurements in right and non-right triangles (e.g., surveying, resultant forces)."
Maryland,Precalculus,S.ID.B.6,"Represent data on two quantitative variables on a scatter plot, and describe how the variables are related."
Maryland,Precalculus,S.ID.B.6d,Fit a function to data represented by a scatterplot; use functions fitted to data to solve problems in the context of the data.
Maryland,Precalculus,F.LE.A.1,Distinguish between situations that can be modeled with linear functions and with exponential functions. ★
Maryland,Precalculus,F.LE.A.1d,Distinguish between situations that can be modeled with exponential functions and logistic functions.
Maryland,Precalculus,F.LE.B.5,Interpret the parameters in a linear or exponential function in terms of a context. ★
Maryland,Precalculus,F.LE.B.5a,Interpret the parameters in a logistic function in terms of a context.
Maryland,Precalculus,F.LE.B.6,Build and interpret logistic functions to model real-world problems.
Maryland,Precalculus,F.LE.B.6a,Sketch and analyze the graphs of logistic functions.
Maryland,Precalculus,F.LE.B.6b,"Compare and contrast the exponential, logarithmic, and logistic models."
Maryland,Precalculus,F.LE.B.6c,Apply understanding of logarithmic and logistic functions to solve real-world problems.
Maryland,Precalculus,N.CN.A.3,Find the conjugate of a complex number; use conjugates to find moduli and quotients of complex numbers.
Maryland,Precalculus,N.CN.B.4,"Represent complex numbers on the complex plane in rectangular and polar form (including real and imaginary numbers), and explain why the rectangular and polar forms of a given complex number represent the same number."
Maryland,Precalculus,N.CN.B.5,"Represent addition, subtraction, multiplication, and conjugation of complex numbers geometrically on the complex plane; use properties of this representation for computation."
Maryland,Precalculus,N.CN.B.6,"Calculate the distance between numbers in the complex plane as the modulus of the difference, and the midpoint of a segment as the average of the numbers at its endpoints."
Maryland,Precalculus,N.VM.A.1,"Recognize vector quantities as having both magnitude and direction. Represent vector quantities by directed line segments, and use appropriate symbols for vectors and their magnitudes (e.g. v, |v|, ||v||)."
Maryland,Precalculus,N.VM.A.2,Find the components of a vector by subtracting the coordinates of an initial point from the coordinates of a terminal point.
Maryland,Precalculus,N.VM.A.3,Solve problems involving velocity and other quantities that can be represented by vectors.
Maryland,Precalculus,N.VM.B.4,Add and subtract vectors.
Maryland,Precalculus,N.VM.B.4a,"Add vectors end-to-end, component-wise, and by the parallelogram rule. Understand that the magnitude of a sum of two vectors is typically not the sum of the magnitudes."
Maryland,Precalculus,N.VM.B.4b,"Given two vectors in magnitude and direction form, determine the magnitude and direction of their sum."
Maryland,Precalculus,N.VM.B.4c,"Understand vector subtraction v - w as v + (-w), where -w is the additive inverse of w, with the same magnitude as w and pointing in the opposite direction. Represent vector subtraction graphically by connecting the tips in the appropriate order, and perform vector subtraction component-wise."
Maryland,Precalculus,N.VM.B.5,Multiply a vector by a scalar.
Maryland,Precalculus,N.VM.B.5a,"Represent scalar multiplication graphically by scaling vectors and possibly reversing their direction; perform scalar multiplication component-wise, e.g., as c(vx, vy) = (cvx, cvy)."
Maryland,Precalculus,N.VM.B.5b,"Compute the magnitude of a scalar multiple cv using ||cv|| = |c|v. Compute the direction of cv knowing that when |c|v != 0, the direction of cv is either along v (for c > 0) or against v (for c < 0)."
Maryland,Precalculus,N.VM.B.5c,Determine the dot product of two vectors.
Maryland,Precalculus,N.VM.C.6,"Use matrices to represent and manipulate data, e.g., to represent payoffs or incidence relationships in a network."
Maryland,Precalculus,N.VM.C.7,"Multiply matrices by scalars to produce new matrices, e.g., as when all of the payoffs in a game are doubled."
Maryland,Precalculus,N.VM.C.8,"Add, subtract, and multiply matrices of appropriate dimensions."
Maryland,Precalculus,N.VM.C.9,"Understand that, unlike multiplication of numbers, matrix multiplication for square matrices is not a commutative operation, but still satisfies the associative and distributive properties."
Maryland,Precalculus,N.VM.C.10,Understand that the zero and identity matrices play a role in matrix addition and multiplication similar to the role of 0 and 1 in the real numbers. The determinant of a square matrix is nonzero if and only if the matrix has a multiplicative inverse.
Maryland,Precalculus,N.VM.C.11,Multiply a vector (regarded as a matrix with one column) by a matrix of suitable dimensions to produce another vector. Work with matrices as transformations of vectors.
Maryland,Precalculus,N.VM.C.12,"Work with 2 x 2 matrices as transformations of the plane, and interpret the absolute value of the determinant in terms of area."
Maryland,Precalculus,N.OA.A.1,"Use the notation for the factorial of a non-negative integer, n!, to evaluate expressions."
Maryland,Precalculus,A.SSE.B.4,"Derive the formula for the sum of a finite geometric series (when the common ratio is not 1), and use the formula to solve problems."
Maryland,Precalculus,A.SSE.B.4a,Express the sums in a series using sigma notation.
Maryland,Precalculus,A.SSE.B.5,"Determine the sum, if it exists, of an infinite geometric series."
Maryland,Precalculus,F.IF.A.3,"Recognize that sequences are functions, sometimes defined recursively, whose domain is a subset of the integers."
Maryland,Precalculus,F.IF.C.10,Describe the behavior of a sequence.
Maryland,Precalculus,F.BF.A.1a,"Determine an explicit expression, a recursive process, or steps for calculation from a context."
Maryland,Precalculus,F.BF.A.2,"Write sequences both recursively and with an explicit formula, use them to model situations, and translate between the two forms."
Maryland,Precalculus,F.IF.C.8c,Interpret the behavior of the graph of a function using the concept of limits.
Maryland,Precalculus,F.IF.C.8d,"Estimate limits algebraically, numerically and graphically."
Maryland,Precalculus,A.SSE.A.2a,"Analyze the structure of the general form of a second degree equation, Ax^2 + Bxy + Cy^2 + Dx + Ey + F = 0, to identify the conic section represented by the equation."
Maryland,Precalculus,A.SSE.B.3d,"Choose and produce an equivalent form of a second degree equation, Ax^2 + Cy^2 + Dx + Ey + F = 0, to reveal and explain properties of the conic section represented by the equation."
Maryland,Precalculus,A.SSE.B.3e,"Translate between the standard and general form, Ax^2 + Cy^2 + Dx + Ey + F = 0, of a second degree equation."
Maryland,Precalculus,G.GMD.B.4,"Identify the shapes of two-dimensional cross-sections of three-dimensional objects, and identify three-dimensional objects generated by rotations of two-dimensional objects."
Maryland,Precalculus,G.GMD.B.4a,Identify the shapes of two-dimensional cross-sections of a right double cone.
Maryland,Precalculus,G.GPE.A.1,Derive the equation of a circle of given center and radius using the Pythagorean Theorem; complete the square to find the center and radius of a circle given by an equation.
Maryland,Precalculus,G.GPE.A.2,Derive the equation of a parabola given a focus and directrix.
Maryland,Precalculus,G.GPE.A.3,"Derive the equations of ellipses and hyperbolas given the foci, using the fact that the sum or difference of distances from the foci is constant."
Maryland,Precalculus,P.IPE.A.1,Sketch the curve defined by parametric equations.
Maryland,Precalculus,P.IPE.A.2,Use parametric equations to model and solve motion problems.
Maryland,Precalculus,P.CED.A.1,"Create a single equation, using rectangular coordinates, that is equivalent to a pair of parametric equations."
Maryland,Precalculus,P.CED.A.2,"Given a data set, create a parametric equation and a single equation using rectangular coordinates to fit the data."
Maryland,Precalculus,G.GPE.C.8,Understand the relationship between polar coordinates and Cartesian coordinates.
Maryland,Precalculus,G.GPE.C.9,Convert between polar and rectangular coordinates.
Maryland,Precalculus,G.GPE.C.10,Plot points on a polar coordinate grid.
Maryland,Precalculus,G.GPE.D.11,Convert equations between polar and rectangular forms.
Maryland,Precalculus,G.GPE.D.12,Graph polar equations by hand and using technology.
Maryland,Precalculus,G.GPE.D.13,Solve systems of polar equations.
Common Core,K,K.CC.A.1,Count to 100 by ones and by tens.
Common Core,K,K.CC.A.2,Count forward beginning from a given number within the known sequence (instead of having to begin at 1).
Common Core,K,K.CC.A.3,Write numbers from 0 to 20. Represent a number of objects with a written numeral 0-20 (with 0 representing a count of no objects).
Common Core,K,K.CC.B.4,Understand the relationship between numbers and quantities; connect counting to cardinality.
Common Core,K,K.CC.B.4a,"When counting objects, say the number names in the standard order, pairing each object with one and only one number name and each number name with one and only one object."
Common Core,K,K.CC.B.4b,Understand that the last number name said tells the number of objects counted. The number of objects is the same regardless of their arrangement or the order in which they were counted.
Common Core,K,K.CC.B.4c,Understand that each successive number name refers to a quantity that is one larger.
Common Core,K,K.CC.B.5,"Count to answer ""how many?"" questions about as many as 20 things arranged in a line, a rectangular array, or a circle, or as many as 10 things in a scattered configuration; given a number from 1-20, count out that many objects."
Common Core,K,K.CC.C.6,"Identify whether the number of objects in one group is greater than, less than, or equal to the number of objects in another group, e.g., by using matching and counting strategies."
Common Core,K,K.CC.C.7,Compare two numbers between 1 and 10 presented as written numerals.
Common Core,K,K.OA.A.1,"Represent addition and subtraction with objects, fingers, mental images, drawings, sounds (e.g., claps), acting out situations, verbal explanations, expressions, or equations."
Common Core,K,K.OA.A.2,"Solve addition and subtraction word problems, and add and subtract within 10, e.g., by using objects or drawings to represent the problem."
Common Core,K,K.OA.A.3,"Decompose numbers less than or equal to 10 into pairs in more than one way, e.g., by using objects or drawings, and record each decomposition by a drawing or equation (e.g., 5 = 2 + 3 and 5 = 4 + 1)."
Common Core,K,K.OA.A.4,"For any number from 1 to 9, find the number that makes 10 when added to the given number, e.g., by using objects or drawings, and record the answer with a drawing or equation."
Common Core,K,K.OA.A.5,Fluently add and subtract within 5.
Common Core,K,K.NBT.A.1,"Compose and decompose numbers from 11 to 19 into ten ones and some further ones, e.g., by using objects or drawings, and record each composition or decomposition by a drawing or equation (e.g., 18 = 10 + 8); understand that these numbers are composed of ten ones and one, two, three, four, five, six, seven, eight, or nine ones."
Common Core,K,K.MD.A.1,"Describe measurable attributes of objects, such as length or weight. Describe several measurable attributes of a single object."
Common Core,K,K.MD.A.2,"Directly compare two objects with a measurable attribute in common, to see which object has ""more of""/""less of"" the attribute, and describe the difference. For example, directly compare the heights of two children and describe one child as taller/shorter."
Common Core,K,K.MD.B.3,Classify objects into given categories; count the numbers of objects in each category and sort the categories by count.
Common Core,K,K.G.A.1,"Describe objects in the environment using names of shapes, and describe the relative positions of these objects using terms such as above, below, beside, in front of, behind, and next to."
Common Core,K,K.G.A.2,Correctly name shapes regardless of their orientations or overall size.
Common Core,K,K.G.A.3,"Identify shapes as two-dimensional (lying in a plane, ""flat"") or three-dimensional (""solid"")."
Common Core,K,K.G.B.4,"Analyze and compare two- and three-dimensional shapes, in different sizes and orientations, using informal language to describe their similarities, differences, parts (e.g., number of sides and vertices/""corners"") and other attributes (e.g., having sides of equal length)."
Common Core,K,K.G.B.5,"Model shapes in the world by building shapes from components (e.g., sticks and clay balls) and drawing shapes."
Common Core,K,K.G.B.6,"Compose simple shapes to form larger shapes. For example, ""Can you join these two triangles with full sides touching to make a rectangle?"""
Common Core,1,1.OA.A.1,"Use addition and subtraction within 20 to solve word problems involving situations of adding to, taking from, putting together, taking apart, and comparing, with unknowns in all positions, e.g., by using objects, drawings, and equations with a symbol for the unknown number to represent the problem."
Common Core,1,1.OA.A.2,"Solve word problems that call for addition of three whole numbers whose sum is less than or equal to 20, e.g., by using objects, drawings, and equations with a symbol for the unknown number to represent the problem."
Common Core,1,1.OA.B.3,"Apply properties of operations as strategies to add and subtract. Examples: If 8 + 3 = 11 is known, then 3 + 8 = 11 is also known. (Commutative property of addition.) To add 2 + 6 + 4, the second two numbers can be added to make a ten, so 2 + 6 + 4 = 2 + 10 = 12. (Associative property of addition.)"
Common Core,1,1.OA.B.4,"Understand subtraction as an unknown-addend problem. For example, subtract 10 - 8 by finding the number that makes 10 when added to 8."
Common Core,1,1.OA.C.5,"Relate counting to addition and subtraction (e.g., by counting on 2 to add 2)."
Common Core,1,1.OA.C.6,"Add and subtract within 20, demonstrating fluency for addition and subtraction within 10. Use strategies such as counting on; making ten (e.g., 8 + 6 = 8 + 2 + 4 = 10 + 4 = 14); decomposing a number leading to a ten (e.g., 13 - 4 = 13 - 3 - 1 = 10 - 1 = 9); using the relationship between addition and subtraction (e.g., knowing that 8 + 4 = 12, one knows 12 - 8 = 4); and creating equivalent but easier or known sums (e.g., adding 6 + 7 by creating the known equivalent 6 + 6 + 1 = 12 + 1 = 13)."
Common Core,1,1.OA.D.7,"Understand the meaning of the equal sign, and determine if equations involving addition and subtraction are true or false. For example, which of the following equations are true and which are false? 6 = 6, 7 = 8 - 1, 5 + 2 = 2 + 5, 4 + 1 = 5 + 2."
Common Core,1,1.OA.D.8,"Determine the unknown whole number in an addition or subtraction equation relating three whole numbers. For example, determine the unknown number that makes the equation true in each of the equations 8 + ? = 11, 5 = _ - 3, 6 + 6 = _."
Common Core,1,1.NBT.A.1,"Count to 120, starting at any number less than 120. In this range, read and write numerals and represent a number of objects with a written numeral."
Common Core,1,1.NBT.B.2,Understand that the two digits of a two-digit number represent amounts of tens and ones. Understand the following as special cases:
Common Core,1,1.NBT.B.2a,"10 can be thought of as a bundle of ten ones - called a ""ten."""
Common Core,1,1.NBT.B.2b,"The numbers from 11 to 19 are composed of a ten and one, two, three, four, five, six, seven, eight, or nine ones."
Common Core,1,1.NBT.B.2c,"The numbers 10, 20, 30, 40, 50, 60, 70, 80, 90 refer to one, two, three, four, five, six, seven, eight, or nine tens (and 0 ones)."
Common Core,1,1.NBT.B.3,"Compare two two-digit numbers based on meanings of the tens and ones digits, recording the results of comparisons with the symbols >, =, and <."
Common Core,1,1.NBT.C.4,"Add within 100, including adding a two-digit number and a one-digit number, and adding a two-digit number and a multiple of 10, using concrete models or drawings and strategies based on place value, properties of operations, and/or the relationship between addition and subtraction; relate the strategy to a written method and explain the reasoning used. Understand that in adding two-digit numbers, one adds tens and tens, ones and ones; and sometimes it is necessary to compose a ten."
Common Core,1,1.NBT.C.5,"Given a two-digit number, mentally find 10 more or 10 less than the number, without having to count; explain the reasoning used."
Common Core,1,1.NBT.C.6,"Subtract multiples of 10 in the range 10-90 from multiples of 10 in the range 10-90 (positive or zero differences), using concrete models or drawings and strategies based on place value, properties of operations, and/or the relationship between addition and subtraction; relate the strategy to a written method and explain the reasoning used."
Common Core,1,1.MD.A.1,Order three objects by length; compare the lengths of two objects indirectly by using a third object.
Common Core,1,1.MD.A.2,"Express the length of an object as a whole number of length units, by laying multiple copies of a shorter object (the length unit) end to end; understand that the length measurement of an object is the number of same-size length units that span it with no gaps or overlaps. Limit to contexts where the object being measured is spanned by a whole number of length units with no gaps or overlaps."
Common Core,1,1.MD.B.3,Tell and write time in hours and half-hours using analog and digital clocks.
Common Core,1,1.MD.C.4,"Organize, represent, and interpret data with up to three categories; ask and answer questions about the total number of data points, how many in each category, and how many more or less are in one category than in another."
Common Core,1,1.G.A.1,"Distinguish between defining attributes (e.g., triangles are closed and three-sided) versus non-defining attributes (e.g., color, orientation, overall size); build and draw shapes to possess defining attributes."
Common Core,1,1.G.A.2,"Compose two-dimensional shapes (rectangles, squares, trapezoids, triangles, half-circles, and quarter-circles) or three-dimensional shapes (cubes, right rectangular prisms, right circular cones, and right circular cylinders) to create a composite shape, and compose new shapes from the composite shape."
Common Core,1,1.G.A.3,"Partition circles and rectangles into two and four equal shares, describe the shares using the words halves, fourths, and quarters, and use the phrases half of, fourth of, and quarter of. Describe the whole as two of, or four of the shares. Understand for these examples that decomposing into more equal shares creates smaller shares."
Common Core,2,2.OA.A.1,"Use addition and subtraction within 100 to solve one- and two-step word problems involving situations of adding to, taking from, putting together, taking apart, and comparing, with unknowns in all positions, e.g., by using drawings and equations with a symbol for the unknown number to represent the problem."
Common Core,2,2.OA.B.2,"Fluently add and subtract within 20 using mental strategies. By end of Grade 2, know from memory all sums of two one-digit numbers."
Common Core,2,2.OA.C.3,"Determine whether a group of objects (up to 20) has an odd or even number of members, e.g., by pairing objects or counting them by 2s; write an equation to express an even number as a sum of two equal addends."
Common Core,2,2.OA.C.4,Use addition to find the total number of objects arranged in rectangular arrays with up to 5 rows and up to 5 columns; write an equation to express the total as a sum of equal addends.
Common Core,2,2.NBT.A.1,"Understand that the three digits of a three-digit number represent amounts of hundreds, tens, and ones; e.g., 706 equals 7 hundreds, 0 tens, and 6 ones. Understand the following as special cases:"
Common Core,2,2.NBT.A.1a,"100 can be thought of as a bundle of ten tens - called a ""hundred."""
Common Core,2,2.NBT.A.1b,"The numbers 100, 200, 300, 400, 500, 600, 700, 800, 900 refer to one, two, three, four, five, six, seven, eight, or nine hundreds (and 0 tens and 0 ones)."
Common Core,2,2.NBT.A.2,"Count within 1000; skip-count by 5s, 10s, and 100s."
Common Core,2,2.NBT.A.3,"Read and write numbers to 1000 using base-ten numerals, number names, and expanded form."
Common Core,2,2.NBT.A.4,"Compare two three-digit numbers based on meanings of the hundreds, tens, and ones digits, using >, =, and < symbols to record the results of comparisons."
Common Core,2,2.NBT.B.5,"Fluently add and subtract within 100 using strategies based on place value, properties of operations, and/or the relationship between addition and subtraction."
Common Core,2,2.NBT.B.6,Add up to four two-digit numbers using strategies based on place value and properties of operations.
Common Core,2,2.NBT.B.7,"Add and subtract within 1000, using concrete models or drawings and strategies based on place value, properties of operations, and/or the relationship between addition and subtraction; relate the strategy to a written method. Understand that in adding or subtracting three-digit numbers, one adds or subtracts hundreds and hundreds, tens and tens, ones and ones; and sometimes it is necessary to compose or decompose tens or hundreds."
Common Core,2,2.NBT.B.8,"Mentally add 10 or 100 to a given number 100-900, and mentally subtract 10 or 100 from a given number 100-900."
Common Core,2,2.NBT.B.9,"Explain why addition and subtraction strategies work, using place value and the properties of operations."
Common Core,2,2.MD.A.1,"Measure the length of an object by selecting and using appropriate tools such as rulers, yardsticks, meter sticks, and measuring tapes."
Common Core,2,2.MD.A.2,"Measure the length of an object twice, using length units of different lengths for the two measurements; describe how the two measurements relate to the size of the unit chosen."
Common Core,2,2.MD.A.3,"Estimate lengths using units of inches, feet, centimeters, and meters."
Common Core,2,2.MD.A.4,"Measure to determine how much longer one object is than another, expressing the length difference in terms of a standard length unit."
Common Core,2,2.MD.B.5,"Use addition and subtraction within 100 to solve word problems involving lengths that are given in the same units, e.g., by using drawings (such as drawings of rulers) and equations with a symbol for the unknown number to represent the problem."
Common Core,2,2.MD.B.6,"Represent whole numbers as lengths from 0 on a number line diagram with equally spaced points corresponding to the numbers 0, 1, 2, ..., and represent whole-number sums and differences within 100 on a number line diagram."
Common Core,2,2.MD.C.7,"Tell and write time from analog and digital clocks to the nearest five minutes, using a.m. and p.m."
Common Core,2,2.MD.C.8,"Solve word problems involving dollar bills, quarters, dimes, nickels, and pennies, using $ and ¢ symbols appropriately. Example: If you have 2 dimes and 3 pennies, how many cents do you have?"
Common Core,2,2.MD.D.9,"Generate measurement data by measuring lengths of several objects to the nearest whole unit, or by making repeated measurements of the same object. Show the measurements by making a line plot, where the horizontal scale is marked off in whole-number units."
Common Core,2,2.MD.D.10,"Draw a picture graph and a bar graph (with single-unit scale) to represent a data set with up to four categories. Solve simple put-together, take-apart, and compare problems using information presented in a bar graph."
Common Core,2,2.G.A.1,"Recognize and draw shapes having specified attributes, such as a given number of angles or a given number of equal faces. Identify triangles, quadrilaterals, pentagons, hexagons, and cubes."
Common Core,2,2.G.A.2,Partition a rectangle into rows and columns of same-size squares and count to find the total number of them.
Common Core,2,2.G.A.3,"Partition circles and rectangles into two, three, or four equal shares, describe the shares using the words halves, thirds, half of, a third of, etc., and describe the whole as two halves, three thirds, four fourths. Recognize that equal shares of identical wholes need not have the same shape."
Common Core,3,3.OA.A.1,"Interpret products of whole numbers, e.g., interpret 5 x 7 as the total number of objects in 5 groups of 7 objects each. For example, describe a context in which a total number of objects can be expressed as 5 x 7."
Common Core,3,3.OA.A.2,"Interpret whole-number quotients of whole numbers, e.g., interpret 56 / 8 as the number of objects in each share when 56 objects are partitioned equally into 8 shares, or as a number of shares when 56 objects are partitioned into equal shares of 8 objects each. For example, describe a context in which a number of shares or a number of groups can be expressed as 56 / 8."
Common Core,3,3.OA.A.3,"Use multiplication and division within 100 to solve word problems in situations involving equal groups, arrays, and measurement quantities, e.g., by using drawings and equations with a symbol for the unknown number to represent the problem."
Common Core,3,3.OA.A.4,"Determine the unknown whole number in a multiplication or division equation relating three whole numbers. For example, determine the unknown number that makes the equation true in each of the equations 8 x ? = 48, 5 = _ / 3, 6 x 6 = ?."
Common Core,3,3.OA.B.5,"Apply properties of operations as strategies to multiply and divide. Examples: If 6 x 4 = 24 is known, then 4 x 6 = 24 is also known. (Commutative property of multiplication.) 3 x 5 x 2 can be found by 3 x 5 = 15, then 15 x 2 = 30, or by 5 x 2 = 10, then 3 x 10 = 30. (Associative property of multiplication.) Knowing that 8 x 5 = 40 and 8 x 2 = 16, one can find 8 x 7 as 8 x (5 + 2) = (8 x 5) + (8 x 2) = 40 + 16 = 56. (Distributive property.)"
Common Core,3,3.OA.B.6,"Understand division as an unknown-factor problem. For example, find 32 / 8 by finding the number that makes 32 when multiplied by 8."
Common Core,3,3.OA.C.7,"Fluently multiply and divide within 100, using strategies such as the relationship between multiplication and division (e.g., knowing that 8 x 5 = 40, one knows 40 / 5 = 8) or properties of operations. By the end of Grade 3, know from memory all products of two one-digit numbers."
Common Core,3,3.OA.D.8,Solve two-step word problems using the four operations. Represent these problems using equations with a letter standing for the unknown quantity. Assess the reasonableness of answers using mental computation and estimation strategies including rounding.
Common Core,3,3.OA.D.9,"Identify arithmetic patterns (including patterns in the addition table or multiplication table), and explain them using properties of operations. For example, observe that 4 times a number is always even, and explain why 4 times a number can be decomposed into two equal addends."
Common Core,3,3.NBT.A.1,Use place value understanding to round whole numbers to the nearest 10 or 100.
Common Core,3,3.NBT.A.2,"Fluently add and subtract within 1000 using strategies and algorithms based on place value, properties of operations, and/or the relationship between addition and subtraction."
Common Core,3,3.NBT.A.3,"Multiply one-digit whole numbers by multiples of 10 in the range 10-90 (e.g., 9 x 80, 5 x 60) using strategies based on place value and properties of operations."
Common Core,3,3.NF.A.1,Understand a fraction 1/b as the quantity formed by 1 part when a whole is partitioned into b equal parts; understand a fraction a/b as the quantity formed by a parts of size 1/b.
Common Core,3,3.NF.A.2,Understand a fraction as a number on the number line; represent fractions on a number line diagram.
Common Core,3,3.NF.A.2a,Represent a fraction 1/b on a number line diagram by defining the interval from 0 to 1 as the whole and partitioning it into b equal parts. Recognize that each part has size 1/b and that the endpoint of the part based at 0 locates the number 1/b on the number line.
Common Core,3,3.NF.A.2b,Represent a fraction a/b on a number line diagram by marking off a lengths 1/b from 0. Recognize that the resulting interval has size a/b and that its endpoint locates the number a/b on the number line.
Common Core,3,3.NF.A.3,"Explain equivalence of fractions in special cases, and compare fractions by reasoning about their size."
Common Core,3,3.NF.A.3a,"Understand two fractions as equivalent (equal) if they are the same size, or the same point on a number line."
Common Core,3,3.NF.A.3b,"Recognize and generate simple equivalent fractions, e.g., 1/2 = 2/4, 4/6 = 2/3. Explain why the fractions are equivalent, e.g., by using a visual fraction model."
Common Core,3,3.NF.A.3c,"Express whole numbers as fractions, and recognize fractions that are equivalent to whole numbers. Examples: Express 3 in the form 3 = 3/1; recognize that 6/1 = 6; locate 4/4 and 1 at the same point of a number line diagram."
Common Core,3,3.NF.A.3d,"Compare two fractions with the same numerator or the same denominator by reasoning about their size. Recognize that comparisons are valid only when the two fractions refer to the same whole. Record the results of comparisons with the symbols >, =, or <, and justify the conclusions, e.g., by using a visual fraction model."
Common Core,3,3.MD.A.1,"Tell and write time to the nearest minute and measure time intervals in minutes. Solve word problems involving addition and subtraction of time intervals in minutes, e.g., by representing the problem on a number line diagram."
Common Core,3,3.MD.A.2,"Measure and estimate liquid volumes and masses of objects using standard units of grams (g), kilograms (kg), and liters (l). Add, subtract, multiply, or divide to solve one-step word problems involving masses or volumes that are given in the same units, e.g., by using drawings (such as a beaker with a measurement scale) to represent the problem."
Common Core,3,3.MD.B.3,"Draw a scaled picture graph and a scaled bar graph to represent a data set with several categories. Solve one- and two-step ""how many more"" and ""how many less"" problems using information presented in scaled bar graphs. For example, draw a bar graph in which each square in the bar graph might represent 5 pets."
Common Core,3,3.MD.B.4,"Generate measurement data by measuring lengths using rulers marked with halves and fourths of an inch. Show the data by making a line plot, where the horizontal scale is marked off in appropriate units - whole numbers, halves, or quarters."
Common Core,3,3.MD.C.5,Recognize area as an attribute of plane figures and understand concepts of area measurement.
Common Core,3,3.MD.C.5a,"A square with side length 1 unit, called ""a unit square,"" is said to have ""one square unit"" of area, and can be used to measure area."
Common Core,3,3.MD.C.5b,A plane figure which can be covered without gaps or overlaps by n unit squares is said to have an area of n square units.
Common Core,3,3.MD.C.6,"Measure areas by counting unit squares (square cm, square m, square in, square ft, and improvised units)."
Common Core,3,3.MD.C.7,Relate area to the operations of multiplication and addition.
Common Core,3,3.MD.C.7a,"Find the area of a rectangle with whole-number side lengths by tiling it, and show that the area is the same as would be found by multiplying the side lengths."
Common Core,3,3.MD.C.7b,"Multiply side lengths to find areas of rectangles with whole-number side lengths in the context of solving real world and mathematical problems, and represent whole-number products as rectangular areas in mathematical reasoning."
Common Core,3,3.MD.C.7c,Use tiling to show in a concrete case that the area of a rectangle with whole-number side lengths a and b + c is the sum of a x b and a x c. Use area models to represent the distributive property in mathematical reasoning.
Common Core,3,3.MD.C.7d,"Recognize area as additive. Find areas of rectilinear figures by decomposing them into non-overlapping rectangles and adding the areas of the non-overlapping parts, applying this technique to solve real world problems."
Common Core,3,3.MD.D.8,"Solve real world and mathematical problems involving perimeters of polygons, including finding the perimeter given the side lengths, finding an unknown side length, and exhibiting rectangles with the same perimeter and different areas or with the same area and different perimeters."
Common Core,3,3.G.A.1,"Understand that shapes in different categories (e.g., rhombuses, rectangles, and others) may share attributes (e.g., having four sides), and that the shared attributes can define a larger category (e.g., quadrilaterals). Recognize rhombuses, rectangles, and squares as examples of quadrilaterals, and draw examples of quadrilaterals that do not belong to any of these subcategories."
Common Core,3,3.G.A.2,"Partition shapes into parts with equal areas. Express the area of each part as a unit fraction of the whole. For example, partition a shape into 4 parts with equal area, and describe the area of each part as 1/4 of the area of the shape."
Common Core,4,4.OA.A.1,"Interpret a multiplication equation as a comparison, e.g., interpret 35 = 5 x 7 as a statement that 35 is 5 times as many as 7 and 7 times as many as 5. Represent verbal statements of multiplicative comparisons as multiplication equations."
Common Core,4,4.OA.A.2,"Multiply or divide to solve word problems involving multiplicative comparison, e.g., by using drawings and equations with a symbol for the unknown number to represent the problem, distinguishing multiplicative comparison from additive comparison."
Common Core,4,4.OA.A.3,"Solve multistep word problems posed with whole numbers and having whole-number answers using the four operations, including problems in which remainders must be interpreted. Represent these problems using equations with a letter standing for the unknown quantity. Assess the reasonableness of answers using mental computation and estimation strategies including rounding."
Common Core,4,4.OA.B.4,Find all factor pairs for a whole number in the range 1-100. Recognize that a whole number is a multiple of each of its factors. Determine whether a given whole number in the range 1-100 is a multiple of a given one-digit number. Determine whether a given whole number in the range 1-100 is prime or composite.
Common Core,4,4.OA.C.5,"Generate a number or shape pattern that follows a given rule. Identify apparent features of the pattern that were not explicit in the rule itself. For example, given the rule ""Add 3"" and the starting number 1, generate terms in the resulting sequence and observe that the terms appear to alternate between odd and even numbers. Explain informally why the numbers will continue to alternate in this way."
Common Core,4,4.NBT.A.1,"Recognize that in a multi-digit whole number, a digit in one place represents ten times what it represents in the place to its right. For example, recognize that 700 / 70 = 10 by applying concepts of place value and division."
Common Core,4,4.NBT.A.2,"Read and write multi-digit whole numbers using base-ten numerals, number names, and expanded form. Compare two multi-digit numbers based on meanings of the digits in each place, using >, =, and < symbols to record the results of comparisons."
Common Core,4,4.NBT.A.3,Use place value understanding to round multi-digit whole numbers to any place.
Common Core,4,4.NBT.B.4,Fluently add and subtract multi-digit whole numbers using the standard algorithm.
Common Core,4,4.NBT.B.5,"Multiply a whole number of up to four digits by a one-digit whole number, and multiply two two-digit numbers, using strategies based on place value and the properties of operations. Illustrate and explain the calculation by using equations, rectangular arrays, and/or area models."
Common Core,4,4.NBT.B.6,"Find whole-number quotients and remainders with up to four-digit dividends and one-digit divisors, using strategies based on place value, the properties of operations, and/or the relationship between multiplication and division. Illustrate and explain the calculation by using equations, rectangular arrays, and/or area models."
Common Core,4,4.NF.A.1,"Explain why a fraction a/b is equivalent to a fraction (n x a)/(n x b) by using visual fraction models, with attention to how the number and size of the parts differ even though the two fractions themselves are the same size. Use this principle to recognize and generate equivalent fractions."
Common Core,4,4.NF.A.2,"Compare two fractions with different numerators and different denominators, e.g., by creating common denominators or numerators, or by comparing to a benchmark fraction such as 1/2. Recognize that comparisons are valid only when the two fractions refer to the same whole. Record the results of comparisons with symbols >, =, or <, and justify the conclusions, e.g., by using a visual fraction model."
Common Core,4,4.NF.B.3,Understand a fraction a/b with a > 1 as a sum of fractions 1/b.
Common Core,4,4.NF.B.3a,Understand addition and subtraction of fractions as joining and separating parts referring to the same whole.
Common Core,4,4.NF.B.3b,"Decompose a fraction into a sum of fractions with the same denominator in more than one way, recording each decomposition by an equation. Justify decompositions, e.g., by using a visual fraction model. Examples: 3/8 = 1/8 + 1/8 + 1/8 ; 3/8 = 1/8 + 2/8 ; 2 1/8 = 1 + 1 + 1/8 = 8/8 + 8/8 + 1/8."
Common Core,4,4.NF.B.3c,"Add and subtract mixed numbers with like denominators, e.g., by replacing each mixed number with an equivalent fraction, and/or by using properties of operations and the relationship between addition and subtraction."
Common Core,4,4.NF.B.3d,"Solve word problems involving addition and subtraction of fractions referring to the same whole and having like denominators, e.g., by using visual fraction models and equations to represent the problem."
Common Core,4,4.NF.B.4,Apply and extend previous understandings of multiplication to multiply a fraction by a whole number.
Common Core,4,4.NF.B.4a,"Understand a fraction a/b as a multiple of 1/b. For example, use a visual fraction model to represent 5/4 as the product 5 x (1/4), recording the conclusion by the equation 5/4 = 5 x (1/4)."
Common Core,4,4.NF.B.4b,"Understand a multiple of a/b as a multiple of 1/b, and use this understanding to multiply a fraction by a whole number. For example, use a visual fraction model to express 3 x (2/5) as 6 x (1/5), recognizing this product as 6/5. (In general, n x (a/b) = (n x a)/b.)"
Common Core,4,4.NF.B.4c,"Solve word problems involving multiplication of a fraction by a whole number, e.g., by using visual fraction models and equations to represent the problem. For example, if each person at a party will eat 3/8 of a pound of roast beef, and there will be 5 people at the party, how many pounds of roast beef will be needed? Between what two whole numbers does your answer lie?"
Common Core,4,4.NF.C.5,"Express a fraction with denominator 10 as an equivalent fraction with denominator 100, and use this technique to add two fractions with respective denominators 10 and 100. For example, express 3/10 as 30/100, and add 3/10 + 4/100 = 34/100."
Common Core,4,4.NF.C.6,"Use decimal notation for fractions with denominators 10 or 100. For example, rewrite 0.62 as 62/100; describe a length as 0.62 meters; locate 0.62 on a number line diagram."
Common Core,4,4.NF.C.7,"Compare two decimals to hundredths by reasoning about their size. Recognize that comparisons are valid only when the two decimals refer to the same whole. Record the results of comparisons with the symbols >, =, or <, and justify the conclusions, e.g., by using a visual model."
Common Core,4,4.MD.A.1,"Know relative sizes of measurement units within one system of units including km, m, cm; kg, g; lb, oz.; l, ml; hr, min, sec. Within a single system of measurement, express measurements in a larger unit in terms of a smaller unit. Record measurement equivalents in a two-column table. For example, know that 1 ft is 12 times as long as 1 in. Express the length of a 4 ft snake as 48 in. Generate a conversion table for feet and inches listing the number pairs (1, 12), (2, 24), (3, 36), ..."
Common Core,4,4.MD.A.2,"Use the four operations to solve word problems involving distances, intervals of time, liquid volumes, masses of objects, and money, including problems involving simple fractions or decimals, and problems that require expressing measurements given in a larger unit in terms of a smaller unit. Represent measurement quantities using diagrams such as number line diagrams that feature a measurement scale."
Common Core,4,4.MD.A.3,"Apply the area and perimeter formulas for rectangles in real world and mathematical problems. For example, find the width of a rectangular room given the area of the flooring and the length, by viewing the area formula as a multiplication equation with an unknown factor."
Common Core,4,4.MD.B.4,"Make a line plot to display a data set of measurements in fractions of a unit (1/2, 1/4, 1/8). Solve problems involving addition and subtraction of fractions by using information presented in line plots. For example, from a line plot find and interpret the difference in length between the longest and shortest specimens in an insect collection."
Common Core,4,4.MD.C.5,"Recognize angles as geometric shapes that are formed wherever two rays share a common endpoint, and understand concepts of angle measurement:"
Common Core,4,4.MD.C.5a,"An angle is measured with reference to a circle with its center at the common endpoint of the rays, by considering the fraction of the circular arc between the points where the two rays intersect the circle. An angle that turns through 1/360 of a circle is called a ""one-degree angle,"" and can be used to measure angles."
Common Core,4,4.MD.C.5b,An angle that turns through n one-degree angles is said to have an angle measure of n degrees.
Common Core,4,4.MD.C.6,Measure angles in whole-number degrees using a protractor. Sketch angles of specified measure.
Common Core,4,4.MD.C.7,"Recognize angle measure as additive. When an angle is decomposed into non-overlapping parts, the angle measure of the whole is the sum of the angle measures of the parts. Solve addition and subtraction problems to find unknown angles on a diagram in real world and mathematical problems, e.g., by using an equation with a symbol for the unknown angle measure."
Common Core,4,4.G.A.1,"Draw points, lines, line segments, rays, angles (right, acute, obtuse), and perpendicular and parallel lines. Identify these in two-dimensional figures."
Common Core,4,4.G.A.2,"Classify two-dimensional figures based on the presence or absence of parallel or perpendicular lines, or the presence or absence of angles of a specified size. Recognize right triangles as a category, and identify right triangles."
Common Core,4,4.G.A.3,Recognize a line of symmetry for a two-dimensional figure as a line across the figure such that the figure can be folded along the line into matching parts. Identify line-symmetric figures and draw lines of symmetry.
Common Core,5,5.OA.A.1,"Use parentheses, brackets, or braces in numerical expressions, and evaluate expressions with these symbols."
Common Core,5,5.OA.A.2,"Write simple expressions that record calculations with numbers, and interpret numerical expressions without evaluating them. For example, express the calculation ""add 8 and 7, then multiply by 2"" as 2 x (8 + 7). Recognize that 3 x (18932 + 921) is three times as large as 18932 + 921, without having to calculate the indicated sum or product."
Common Core,5,5.OA.B.3,"Generate two numerical patterns using two given rules. Identify apparent relationships between corresponding terms. Form ordered pairs consisting of corresponding terms from the two patterns, and graph the ordered pairs on a coordinate plane. For example, given the rule ""Add 3"" and the starting number 0, and given the rule ""Add 6"" and the starting number 0, generate terms in the resulting sequences, and observe that the terms in one sequence are twice the corresponding terms in the other sequence. Explain informally why this is so."
Common Core,5,5.NBT.A.1,"Recognize that in a multi-digit number, a digit in one place represents 10 times as much as it represents in the place to its right and 1/10 of what it represents in the place to its left."
Common Core,5,5.NBT.A.2,"Explain patterns in the number of zeros of the product when multiplying a number by powers of 10, and explain patterns in the placement of the decimal point when a decimal is multiplied or divided by a power of 10. Use whole-number exponents to denote powers of 10."
Common Core,5,5.NBT.A.3,"Read, write, and compare decimals to thousandths."
Common Core,5,5.NBT.A.3a,"Read and write decimals to thousandths using base-ten numerals, number names, and expanded form, e.g., 347.392 = 3 x 100 + 4 x 10 + 7 x 1 + 3 x (1/10) + 9 x (1/100) + 2 x (1/1000)."
Common Core,5,5.NBT.A.3b,"Compare two decimals to thousandths based on meanings of the digits in each place, using >, =, and < symbols to record the results of comparisons."
Common Core,5,5.NBT.A.4,Use place value understanding to round decimals to any place.
Common Core,5,5.NBT.B.5,Fluently multiply multi-digit whole numbers using the standard algorithm.
Common Core,5,5.NBT.B.6,"Find whole-number quotients of whole numbers with up to four-digit dividends and two-digit divisors, using strategies based on place value, the properties of operations, and/or the relationship between multiplication and division. Illustrate and explain the calculation by using equations, rectangular arrays, and/or area models."
Common Core,5,5.NBT.B.7,"Add, subtract, multiply, and divide decimals to hundredths, using concrete models or drawings and strategies based on place value, properties of operations, and/or the relationship between addition and subtraction; relate the strategy to a written method and explain the reasoning used."
Common Core,5,5.NF.A.1,"Add and subtract fractions with unlike denominators (including mixed numbers) by replacing given fractions with equivalent fractions in such a way as to produce an equivalent sum or difference of fractions with like denominators. For example, 2/3 + 5/4 = 8/12 + 15/12 = 23/12. (In general, a/b + c/d = (ad + bc)/bd.)"
Common Core,5,5.NF.A.2,"Solve word problems involving addition and subtraction of fractions referring to the same whole, including cases of unlike denominators, e.g., by using visual fraction models or equations to represent the problem. Use benchmark fractions and number sense of fractions to estimate mentally and assess the reasonableness of answers. For example, recognize an incorrect result 2/5 + 1/2 = 3/7, by observing that 3/7 < 1/2."
Common Core,5,5.NF.B.3,"Interpret a fraction as division of the numerator by the denominator (a/b = a / b). Solve word problems involving division of whole numbers leading to answers in the form of fractions or mixed numbers, e.g., by using visual fraction models or equations to represent the problem. For example, interpret 3/4 as the result of dividing 3 by 4, noting that 3/4 multiplied by 4 equals 3, and that when 3 wholes are shared equally among 4 people each person has a share of size 3/4. If 9 people want to share a 50-pound sack of rice equally by weight, how many pounds of rice should each person get? Between what two whole numbers does your answer lie?"
Common Core,5,5.NF.B.4,Apply and extend previous understandings of multiplication to multiply a fraction or whole number by a fraction.
Common Core,5,5.NF.B.4a,"Interpret the product (a/b) x q as a parts of a partition of q into b equal parts; equivalently, as the result of a sequence of operations a x q / b. For example, use a visual fraction model to show (2/3) x 4 = 8/3, and create a story context for this equation. Do the same with (2/3) x (4/5) = 8/15. (In general, (a/b) x (c/d) = ac/bd.)"
Common Core,5,5.NF.B.4b,"Find the area of a rectangle with fractional side lengths by tiling it with unit squares of the appropriate unit fraction side lengths, and show that the area is the same as would be found by multiplying the side lengths. Multiply fractional side lengths to find areas of rectangles, and represent fraction products as rectangular areas."
Common Core,5,5.NF.B.5,"Interpret multiplication as scaling (resizing), by:"
Common Core,5,5.NF.B.5a,"Comparing the size of a product to the size of one factor on the basis of the size of the other factor, without performing the indicated multiplication."
Common Core,5,5.NF.B.5b,Explaining why multiplying a given number by a fraction greater than 1 results in a product greater than the given number (recognizing multiplication by whole numbers greater than 1 as a familiar case); explaining why multiplying a given number by a fraction less than 1 results in a product smaller than the given number; and relating the principle of fraction equivalence a/b = (n x a)/(n x b) to the effect of multiplying a/b by 1.
Common Core,5,5.NF.B.6,"Solve real world problems involving multiplication of fractions and mixed numbers, e.g., by using visual fraction models or equations to represent the problem."
Common Core,5,5.NF.B.7,Apply and extend previous understandings of division to divide unit fractions by whole numbers and whole numbers by unit fractions.
Common Core,5,5.NF.B.7a,"Interpret division of a unit fraction by a non-zero whole number, and compute such quotients. For example, create a story context for (1/3) / 4, and use a visual fraction model to show the quotient. Use the relationship between multiplication and division to explain that (1/3) / 4 = 1/12 because (1/12) x 4 = 1/3."
Common Core,5,5.NF.B.7b,"Interpret division of a whole number by a unit fraction, and compute such quotients. For example, create a story context for 4 / (1/5), and use a visual fraction model to show the quotient. Use the relationship between multiplication and division to explain that 4 / (1/5) = 20 because 20 x (1/5) = 4."
Common Core,5,5.NF.B.7c,"Solve real world problems involving division of unit fractions by non-zero whole numbers and division of whole numbers by unit fractions, e.g., by using visual fraction models and equations to represent the problem. For example, how much chocolate will each person get if 3 people share 1/2 lb of chocolate equally? How many 1/3-cup servings are in 2 cups of raisins?"
Common Core,5,5.MD.A.1,"Convert among different-sized standard measurement units within a given measurement system (e.g., convert 5 cm to 0.05 m), and use these conversions in solving multi-step, real world problems."
Common Core,5,5.MD.B.2,"Make a line plot to display a data set of measurements in fractions of a unit (1/2, 1/4, 1/8). Use operations on fractions for this grade to solve problems involving information presented in line plots. For example, given different measurements of liquid in identical beakers, find the amount of liquid each beaker would contain if the total amount in all the beakers were redistributed equally."
Common Core,5,5.MD.C.3,Recognize volume as an attribute of solid figures and understand concepts of volume measurement.
Common Core,5,5.MD.C.3a,"A cube with side length 1 unit, called a ""unit cube,"" is said to have ""one cubic unit"" of volume, and can be used to measure volume."
Common Core,5,5.MD.C.3b,A solid figure which can be packed without gaps or overlaps using n unit cubes is said to have a volume of n cubic units.
Common Core,5,5.MD.C.4,"Measure volumes by counting unit cubes, using cubic cm, cubic in, cubic ft, and improvised units."
Common Core,5,5.MD.C.5,Relate volume to the operations of multiplication and addition and solve real world and mathematical problems involving volume.
Common Core,5,5.MD.C.5a,"Find the volume of a right rectangular prism with whole-number side lengths by packing it with unit cubes, and show that the volume is the same as would be found by multiplying the edge lengths, equivalently by multiplying the height by the area of the base. Represent threefold whole-number products as volumes, e.g., to represent the associative property of multiplication."
Common Core,5,5.MD.C.5b,Apply the formulas V = l x w x h and V = b x h for rectangular prisms to find volumes of right rectangular prisms with whole-number edge lengths in the context of solving real world and mathematical problems.
Common Core,5,5.MD.C.5c,"Recognize volume as additive. Find volumes of solid figures composed of two non-overlapping right rectangular prisms by adding the volumes of the non-overlapping parts, applying this technique to solve real world problems."
Common Core,5,5.G.A.1,"Use a pair of perpendicular number lines, called axes, to define a coordinate system, with the intersection of the lines (the origin) arranged to coincide with the 0 on each line and a given point in the plane located by using an ordered pair of numbers, called its coordinates. Understand that the first number indicates how far to travel from the origin in the direction of one axis, and the second number indicates how far to travel in the direction of the second axis, with the convention that the names of the two axes and the coordinates correspond (e.g., x-axis and x-coordinate, y-axis and y-coordinate)."
Common Core,5,5.G.A.2,"Represent real world and mathematical problems by graphing points in the first quadrant of the coordinate plane, and interpret coordinate values of points in the context of the situation."
Common Core,5,5.G.B.3,"Understand that attributes belonging to a category of two-dimensional figures also belong to all subcategories of that category. For example, all rectangles have four right angles and squares are rectangles, so all squares have four right angles."
Common Core,5,5.G.B.4,Classify two-dimensional figures in a hierarchy based on properties.
Common Core,6,6.RP.A.1,"Understand the concept of a ratio and use ratio language to describe a ratio relationship between two quantities. For example, ""The ratio of wings to beaks in the bird house at the zoo was 2:1, because for every 2 wings there was 1 beak."" ""For every vote candidate A received, candidate C received nearly three votes."""
Common Core,6,6.RP.A.2,"Understand the concept of a unit rate a/b associated with a ratio a:b with b not equal to 0, and use rate language in the context of a ratio relationship. For example, ""This recipe has a ratio of 3 cups of flour to 4 cups of sugar, so there is 3/4 cup of flour for each cup of sugar."" ""We paid $75 for 15 hamburgers, which is a rate of $5 per hamburger."""
Common Core,6,6.RP.A.3,"Use ratio and rate reasoning to solve real-world and mathematical problems, e.g., by reasoning about tables of equivalent ratios, tape diagrams, double number line diagrams, or equations."
Common Core,6,6.RP.A.3a,"Make tables of equivalent ratios relating quantities with whole-number measurements, find missing values in the tables, and plot the pairs of values on the coordinate plane. Use tables to compare ratios."
Common Core,6,6.RP.A.3b,"Solve unit rate problems including those involving unit pricing and constant speed. For example, if it took 7 hours to mow 4 lawns, then at that rate, how many lawns could be mowed in 35 hours? At what rate were lawns being mowed?"
Common Core,6,6.RP.A.3c,"Find a percent of a quantity as a rate per 100 (e.g., 30% of a quantity means 30/100 times the quantity); solve problems involving finding the whole, given a part and the percent."
Common Core,6,6.RP.A.3d,Use ratio reasoning to convert measurement units; manipulate and transform units appropriately when multiplying or dividing quantities.
Common Core,6,6.NS.A.1,"Interpret and compute quotients of fractions, and solve word problems involving division of fractions by fractions, e.g., by using visual fraction models and equations to represent the problem. For example, create a story context for (2/3) / (3/4) and use a visual fraction model to show the quotient; use the relationship between multiplication and division to explain that (2/3) / (3/4) = 8/9 because 3/4 of 8/9 is 2/3. (In general, (a/b) / (c/d) = ad/bc.) How much chocolate will each person get if 3 people share 1/2 lb of chocolate equally? How many 3/4-cup servings are in 2/3 of a cup of yogurt? How wide is a rectangular strip of land with length 3/4 mi and area 1/2 square mi?"
Common Core,6,6.NS.B.2,Fluently divide multi-digit numbers using the standard algorithm.
Common Core,6,6.NS.B.3,"Fluently add, subtract, multiply, and divide multi-digit decimals using the standard algorithm for each operation."
Common Core,6,6.NS.B.4,"Find the greatest common factor of two whole numbers less than or equal to 100 and the least common multiple of two whole numbers less than or equal to 12. Use the distributive property to express a sum of two whole numbers 1-100 with a common factor as a multiple of a sum of two whole numbers with no common factor. For example, express 36 + 8 as 4 (9 + 2)."
Common Core,6,6.NS.C.5,"Understand that positive and negative numbers are used together to describe quantities having opposite directions or values (e.g., temperature above/below zero, elevation above/below sea level, credits/debits, positive/negative electric charge); use positive and negative numbers to represent quantities in real-world contexts, explaining the meaning of 0 in each situation."
Common Core,6,6.NS.C.6,Understand a rational number as a point on the number line. Extend number line diagrams and coordinate axes familiar from previous grades to represent points on the line and in the plane with negative number coordinates.
Common Core,6,6.NS.C.6a,"Recognize opposite signs of numbers as indicating locations on opposite sides of 0 on the number line; recognize that the opposite of the opposite of a number is the number itself, e.g., -(-3) = 3, and that 0 is its own opposite."
Common Core,6,6.NS.C.6b,"Understand signs of numbers in ordered pairs as indicating locations in quadrants of the coordinate plane; recognize that when two ordered pairs differ only by signs, the locations of the points are related by reflections across one or both axes."
Common Core,6,6.NS.C.6c,Find and position integers and other rational numbers on a horizontal or vertical number line diagram; find and position pairs of integers and other rational numbers on a coordinate plane.
Common Core,6,6.NS.C.7,Understand ordering and absolute value of rational numbers.
Common Core,6,6.NS.C.7a,"Interpret statements of inequality as statements about the relative position of two numbers on a number line diagram. For example, interpret -3 > -7 as a statement that -3 is located to the right of -7 on a number line oriented from left to right."
Common Core,6,6.NS.C.7b,"Write, interpret, and explain statements of order for rational numbers in real-world contexts. For example, write -3 C > -7 C to express the fact that -3 C is warmer than -7 C."
Common Core,6,6.NS.C.7c,"Understand the absolute value of a rational number as its distance from 0 on the number line; interpret absolute value as magnitude for a positive or negative quantity in a real-world situation. For example, for an account balance of -30 dollars, write |-30| = 30 to describe the size of the debt in dollars."
Common Core,6,6.NS.C.7d,"Distinguish comparisons of absolute value from statements about order. For example, recognize that an account balance less than -30 dollars represents a debt greater than 30 dollars."
Common Core,6,6.NS.C.8,Solve real-world and mathematical problems by graphing points in all four quadrants of the coordinate plane. Include use of coordinates and absolute value to find distances between points with the same first coordinate or the same second coordinate.
Common Core,6,6.EE.A.1,Write and evaluate numerical expressions involving whole-number exponents.
Common Core,6,6.EE.A.2,"Write, read, and evaluate expressions in which letters stand for numbers."
Common Core,6,6.EE.A.2a,"Write expressions that record operations with numbers and with letters standing for numbers. For example, express the calculation ""Subtract y from 5"" as 5 - y."
Common Core,6,6.EE.A.2b,"Identify parts of an expression using mathematical terms (sum, term, product, factor, quotient, coefficient); view one or more parts of an expression as a single entity. For example, describe the expression 2 (8 + 7) as a product of two factors; view (8 + 7) as both a single entity and a sum of two terms."
Common Core,6,6.EE.A.2c,"Evaluate expressions at specific values of their variables. Include expressions that arise from formulas used in real-world problems. Perform arithmetic operations, including those involving whole-number exponents, in the conventional order when there are no parentheses to specify a particular order (Order of Operations). For example, use the formulas V = s^3 and A = 6 s^2 to find the volume and surface area of a cube with sides of length s = 1/2."
Common Core,6,6.EE.A.3,"Apply the properties of operations to generate equivalent expressions. For example, apply the distributive property to the expression 3 (2 + x) to produce the equivalent expression 6 + 3x; apply the distributive property to the expression 24x + 18y to produce the equivalent expression 6 (4x + 3y); apply properties of operations to y + y + y to produce the equivalent expression 3y."
Common Core,6,6.EE.A.4,"Identify when two expressions are equivalent (i.e., when the two expressions name the same number regardless of which value is substituted into them). For example, the expressions y + y + y and 3y are equivalent because they name the same number regardless of which number y stands for."
Common Core,6,6.EE.B.5,"Understand solving an equation or inequality as a process of answering a question: which values from a specified set, if any, make the equation or inequality true? Use substitution to determine whether a given number in a specified set makes an equation or inequality true."
Common Core,6,6.EE.B.6,"Use variables to represent numbers and write expressions when solving a real-world or mathematical problem; understand that a variable can represent an unknown number, or, depending on the purpose at hand, any number in a specified set."
Common Core,6,6.EE.B.7,"Solve real-world and mathematical problems by writing and solving equations of the form x + p = q and px = q for cases in which p, q and x are all nonnegative rational numbers."
Common Core,6,6.EE.B.8,Write an inequality of the form x > c or x < c to represent a constraint or condition in a real-world or mathematical problem. Recognize that inequalities of the form x > c or x < c have infinitely many solutions; represent solutions of such inequalities on number line diagrams.
Common Core,6,6.EE.C.9,"Use variables to represent two quantities in a real-world problem that change in relationship to one another; write an equation to express one quantity, thought of as the dependent variable, in terms of the other quantity, thought of as the independent variable. Analyze the relationship between the dependent and independent variables using graphs and tables, and relate these to the equation. For example, in a problem involving motion at constant speed, list and graph ordered pairs of distances and times, and write the equation d = 65t to represent the relationship between distance and time."
Common Core,6,6.G.A.1,"Find the area of right triangles, other triangles, special quadrilaterals, and polygons by composing into rectangles or decomposing into triangles and other shapes; apply these techniques in the context of solving real-world and mathematical problems."
Common Core,6,6.G.A.2,"Find the volume of a right rectangular prism with fractional edge lengths by packing it with unit cubes of the appropriate unit fraction edge lengths, and show that the volume is the same as would be found by multiplying the edge lengths of the prism. Apply the formulas V = l w h and V = b h to find volumes of right rectangular prisms with fractional edge lengths in the context of solving real-world and mathematical problems."
Common Core,6,6.G.A.3,Draw polygons in the coordinate plane given coordinates for the vertices; use coordinates to find the length of a side joining points with the same first coordinate or the same second coordinate. Apply these techniques in the context of solving real-world and mathematical problems.
Common Core,6,6.G.A.4,"Represent three-dimensional figures using nets made up of rectangles and triangles, and use the nets to find the surface area of these figures. Apply these techniques in the context of solving real-world and mathematical problems."
Common Core,6,6.SP.A.1,"Recognize a statistical question as one that anticipates variability in the data related to the question and accounts for it in the answers. For example, ""How old am I?"" is not a statistical question, but ""How old are the students in my school?"" is a statistical question because one anticipates variability in students' ages."
Common Core,6,6.SP.A.2,"Understand that a set of data collected to answer a statistical question has a distribution which can be described by its center, spread, and overall shape."
Common Core,6,6.SP.A.3,"Recognize that a measure of center for a numerical data set summarizes all of its values with a single number, while a measure of variation describes how its values vary with a single number."
Common Core,6,6.SP.B.4,"Display numerical data in plots on a number line, including dot plots, histograms, and box plots."
Common Core,6,6.SP.B.5,"Summarize numerical data sets in relation to their context, such as by:"
Common Core,6,6.SP.B.5a,Reporting the number of observations.
Common Core,6,6.SP.B.5b,"Describing the nature of the attribute under investigation, including how it was measured and its units of measurement."
Common Core,6,6.SP.B.5c,"Giving quantitative measures of center (median and/or mean) and variability (interquartile range and/or mean absolute deviation), as well as describing any overall pattern and any striking deviations from the overall pattern with reference to the context in which the data were gathered."
Common Core,6,6.SP.B.5d,Relating the choice of measures of center and variability to the shape of the data distribution and the context in which the data were gathered.
Common Core,7,7.RP.A.1,"Compute unit rates associated with ratios of fractions, including ratios of lengths, areas and other quantities measured in like or different units. For example, if a person walks 1/2 mile in each 1/4 hour, compute the unit rate as the complex fraction (1/2)/(1/4) miles per hour, equivalently 2 miles per hour."
Common Core,7,7.RP.A.2,Recognize and represent proportional relationships between quantities.
Common Core,7,7.RP.A.2a,"Decide whether two quantities are in a proportional relationship, e.g., by testing for equivalent ratios in a table or graphing on a coordinate plane and observing whether the graph is a straight line through the origin."
Common Core,7,7.RP.A.2b,"Identify the constant of proportionality (unit rate) in tables, graphs, equations, diagrams, and verbal descriptions of proportional relationships."
Common Core,7,7.RP.A.2c,"Represent proportional relationships by equations. For example, if total cost t is proportional to the number n of items purchased at a constant price p, the relationship between the total cost and the number of items can be expressed as t = pn."
Common Core,7,7.RP.A.2d,"Explain what a point (x, y) on the graph of a proportional relationship means in terms of the situation, with special attention to the points (0, 0) and (1, r) where r is the unit rate."
Common Core,7,7.RP.A.3,"Use proportional relationships to solve multistep ratio and percent problems. Examples: simple interest, tax, markups and markdowns, gratuities and commissions, fees, percent increase and decrease, percent error."
Common Core,7,7.NS.A.1,Apply and extend previous understandings of addition and subtraction to add and subtract rational numbers; represent addition and subtraction on a horizontal or vertical number line diagram.
Common Core,7,7.NS.A.1a,"Describe situations in which opposite quantities combine to make 0. For example, a hydrogen atom has 0 charge because its two constituents are oppositely charged."
Common Core,7,7.NS.A.1b,"Understand p + q as the number located a distance |q| from p, in the positive or negative direction depending on whether q is positive or negative. Show that a number and its opposite have a sum of 0 (are additive inverses). Interpret sums of rational numbers by describing real-world contexts."
Common Core,7,7.NS.A.1c,"Understand subtraction of rational numbers as adding the additive inverse, p - q = p + (-q). Show that the distance between two rational numbers on the number line is the absolute value of their difference, and apply this principle in real-world contexts."
Common Core,7,7.NS.A.1d,Apply properties of operations as strategies to add and subtract rational numbers.
Common Core,7,7.NS.A.2,Apply and extend previous understandings of multiplication and division and of fractions to multiply and divide rational numbers.
Common Core,7,7.NS.A.2a,"Understand that multiplication is extended from fractions to rational numbers by requiring that operations continue to satisfy the properties of operations, particularly the distributive property, leading to products such as (-1)(-1) = 1 and the rules for multiplying signed numbers. Interpret products of rational numbers by describing real-world contexts."
Common Core,7,7.NS.A.2b,"Understand that integers can be divided, provided that the divisor is not zero, and every quotient of integers (with non-zero divisor) is a rational number. If p and q are integers, then -(p/q) = (-p)/q = p/(-q). Interpret quotients of rational numbers by describing real-world contexts."
Common Core,7,7.NS.A.2c,Apply properties of operations as strategies to multiply and divide rational numbers.
Common Core,7,7.NS.A.2d,Convert a rational number to a decimal using long division; know that the decimal form of a rational number terminates in 0s or eventually repeats.
Common Core,7,7.NS.A.3,Solve real-world and mathematical problems involving the four operations with rational numbers.
Common Core,7,7.EE.A.1,"Apply properties of operations as strategies to add, subtract, factor, and expand linear expressions with rational coefficients."
Common Core,7,7.EE.A.2,"Understand that rewriting an expression in different forms in a problem context can shed light on the problem and how the quantities in it are related. For example, a + 0.05a = 1.05a means that ""increase by 5%"" is the same as ""multiply by 1.05."""
Common Core,7,7.EE.B.3,"Solve multi-step real-life and mathematical problems posed with positive and negative rational numbers in any form (whole numbers, fractions, and decimals), using tools strategically. Apply properties of operations to calculate with numbers in any form; convert between forms as appropriate; and assess the reasonableness of answers using mental computation and estimation strategies. For example: If a woman making $25 an hour gets a 10% raise, she will make an additional 1/10 of her salary an hour, or $2.50, for a new salary of $27.50. If you want to place a towel bar 9 3/4 inches long in the center of a door that is 27 1/2 inches wide, you will need to place the bar about 9 inches from each edge; this estimate can be used as a check on the exact computation."
Common Core,7,7.EE.B.4,"Use variables to represent quantities in a real-world or mathematical problem, and construct simple equations and inequalities to solve problems by reasoning about the quantities."
Common Core,7,7.EE.B.4a,"Solve word problems leading to equations of the form px + q = r and p(x + q) = r, where p, q, and r are specific rational numbers. Solve equations of these forms fluently. Compare an algebraic solution to an arithmetic solution, identifying the sequence of the operations used in each approach. For example, the perimeter of a rectangle is 54 cm. Its length is 6 cm. What is its width?"
Common Core,7,7.EE.B.4b,"Solve word problems leading to inequalities of the form px + q > r or px + q < r, where p, q, and r are specific rational numbers. Graph the solution set of the inequality and interpret it in the context of the problem. For example: As a salesperson, you are paid $50 per week plus $3 per sale. This week you want your pay to be at least $100. Write an inequality for the number of sales you need to make, and describe the solutions."
Common Core,7,7.G.A.1,"Solve problems involving scale drawings of geometric figures, including computing actual lengths and areas from a scale drawing and reproducing a scale drawing at a different scale."
Common Core,7,7.G.A.2,"Draw (freehand, with ruler and protractor, and with technology) geometric shapes with given conditions. Focus on constructing triangles from three measures of angles or sides, noticing when the conditions determine a unique triangle, more than one triangle, or no triangle."
Common Core,7,7.G.A.3,"Describe the two-dimensional figures that result from slicing three-dimensional figures, as in plane sections of right rectangular prisms and right rectangular pyramids."
Common Core,7,7.G.B.4,Know the formulas for the area and circumference of a circle and use them to solve problems; give an informal derivation of the relationship between the circumference and area of a circle.
Common Core,7,7.G.B.5,"Use facts about supplementary, complementary, vertical, and adjacent angles in a multi-step problem to write and solve simple equations for an unknown angle in a figure."
Common Core,7,7.G.B.6,"Solve real-world and mathematical problems involving area, volume and surface area of two- and three-dimensional objects composed of triangles, quadrilaterals, polygons, cubes, and right prisms."
Common Core,7,7.SP.A.1,Understand that statistics can be used to gain information about a population by examining a sample of the population; generalizations about a population from a sample are valid only if the sample is representative of that population. Understand that random sampling tends to produce representative samples and support valid inferences.
Common Core,7,7.SP.A.2,"Use data from a random sample to draw inferences about a population with an unknown characteristic of interest. Generate multiple samples (or simulated samples) of the same size to gauge the variation in estimates or predictions. For example, estimate the mean word length in a book by randomly sampling words from the book; predict the winner of a school election based on randomly sampled survey data. Gauge how far off the estimate or prediction might be."
Common Core,7,7.SP.B.3,"Informally assess the degree of visual overlap of two numerical data distributions with similar variabilities, measuring the difference between the centers by expressing it as a multiple of a measure of variability. For example, the mean height of players on the basketball team is 10 cm greater than the mean height of players on the soccer team, about twice the variability (mean absolute deviation) on either team; on a dot plot, the separation between the two distributions of heights is noticeable."
Common Core,7,7.SP.B.4,"Use measures of center and measures of variability for numerical data from random samples to draw informal comparative inferences about two populations. For example, decide whether the words in a chapter of a seventh-grade science book are generally longer than the words in a chapter of a fourth-grade science book."
Common Core,7,7.SP.C.5,"Understand that the probability of a chance event is a number between 0 and 1 that expresses the likelihood of the event occurring. Larger numbers indicate greater likelihood. A probability near 0 indicates an unlikely event, a probability around 1/2 indicates an event that is neither unlikely nor likely, and a probability near 1 indicates a likely event."
Common Core,7,7.SP.C.6,"Approximate the probability of a chance event by collecting data on the chance process that produces it and observing its long-run relative frequency, and predict the approximate relative frequency given the probability. For example, when rolling a number cube 600 times, predict that a 3 or 6 would be rolled roughly 200 times, but probably not exactly 200 times."
Common Core,7,7.SP.C.7,"Develop a probability model and use it to find probabilities of events. Compare probabilities from a model to observed frequencies; if the agreement is not good, explain possible sources of the discrepancy."
Common Core,7,7.SP.C.7a,"Develop a uniform probability model by assigning equal probability to all outcomes, and use the model to determine probabilities of events. For example, if a student is selected at random from a class, find the probability that Jane will be selected and the probability that a girl will be selected."
Common Core,7,7.SP.C.7b,"Develop a probability model (which may not be uniform) by observing frequencies in data generated from a chance process. For example, find the approximate probability that a spinning penny will land heads up or that a tossed paper cup will land open-end down. Do the outcomes for the spinning penny appear to be equally likely based on the observed frequencies?"
Common Core,7,7.SP.C.8,"Find probabilities of compound events using organized lists, tables, tree diagrams, and simulation."
Common Core,7,7.SP.C.8a,"Understand that, just as with simple events, the probability of a compound event is the fraction of outcomes in the sample space for which the compound event occurs."
Common Core,7,7.SP.C.8b,"Represent sample spaces for compound events using methods such as organized lists, tables and tree diagrams. For an event described in everyday language (e.g., ""rolling double sixes""), identify the outcomes in the sample space which compose the event."
Common Core,7,7.SP.C.8c,"Design and use a simulation to generate frequencies for compound events. For example, use random digits as a simulation tool to approximate the answer to the question: If 40% of donors have type A blood, what is the probability that it will take at least 4 donors to find one with type A blood?"
Common Core,8,8.NS.A.1,"Know that numbers that are not rational are called irrational. Understand informally that every number has a decimal expansion; for rational numbers show that the decimal expansion repeats eventually, and convert a decimal expansion which repeats eventually into a rational number."
Common Core,8,8.NS.A.2,"Use rational approximations of irrational numbers to compare the size of irrational numbers, locate them approximately on a number line diagram, and estimate the value of expressions (e.g., pi^2). For example, by truncating the decimal expansion of the square root of 2, show that the square root of 2 is between 1 and 2, then between 1.4 and 1.5, and explain how to continue on to get better approximations."
Common Core,8,8.EE.A.1,"Know and apply the properties of integer exponents to generate equivalent numerical expressions. For example, 3^2 x 3^(-5) = 3^(-3) = 1/3^3 = 1/27."
Common Core,8,8.EE.A.2,"Use square root and cube root symbols to represent solutions to equations of the form x^2 = p and x^3 = p, where p is a positive rational number. Evaluate square roots of small perfect squares and cube roots of small perfect cubes. Know that the square root of 2 is irrational."
Common Core,8,8.EE.A.3,"Use numbers expressed in the form of a single digit times an integer power of 10 to estimate very large or very small quantities, and to express how many times as much one is than the other. For example, estimate the population of the United States as 3 x 10^8 and the population of the world as 7 x 10^9, and determine that the world population is more than 20 times larger."
Common Core,8,8.EE.A.4,"Perform operations with numbers expressed in scientific notation, including problems where both decimal and scientific notation are used. Use scientific notation and choose units of appropriate size for measurements of very large or very small quantities (e.g., use millimeters per year for seafloor spreading). Interpret scientific notation that has been generated by technology."
Common Core,8,8.EE.B.5,"Graph proportional relationships, interpreting the unit rate as the slope of the graph. Compare two different proportional relationships represented in different ways. For example, compare a distance-time graph to a distance-time equation to determine which of two moving objects has greater speed."
Common Core,8,8.EE.B.6,Use similar triangles to explain why the slope m is the same between any two distinct points on a non-vertical line in the coordinate plane; derive the equation y = mx for a line through the origin and the equation y = mx + b for a line intercepting the vertical axis at b.
Common Core,8,8.EE.C.7,Solve linear equations in one variable.
Common Core,8,8.EE.C.7a,"Give examples of linear equations in one variable with one solution, infinitely many solutions, or no solutions. Show which of these possibilities is the case by successively transforming the given equation into simpler forms, until an equivalent equation of the form x = a, a = a, or a = b results (where a and b are different numbers)."
Common Core,8,8.EE.C.7b,"Solve linear equations with rational number coefficients, including equations whose solutions require expanding expressions using the distributive property and collecting like terms."
Common Core,8,8.EE.C.8,Analyze and solve pairs of simultaneous linear equations.
Common Core,8,8.EE.C.8a,"Understand that solutions to a system of two linear equations in two variables correspond to points of intersection of their graphs, because points of intersection satisfy both equations simultaneously."
Common Core,8,8.EE.C.8b,"Solve systems of two linear equations in two variables algebraically, and estimate solutions by graphing the equations. Solve simple cases by inspection. For example, 3x + 2y = 5 and 3x + 2y = 6 have no solution because 3x + 2y cannot simultaneously be 5 and 6."
Common Core,8,8.EE.C.8c,"Solve real-world and mathematical problems leading to two linear equations in two variables. For example, given coordinates for two pairs of points, determine whether the line through the first pair of points intersects the line through the second pair."
Common Core,8,8.F.A.1,Understand that a function is a rule that assigns to each input exactly one output. The graph of a function is the set of ordered pairs consisting of an input and the corresponding output.
Common Core,8,8.F.A.2,"Compare properties of two functions each represented in a different way (algebraically, graphically, numerically in tables, or by verbal descriptions). For example, given a linear function represented by a table of values and a linear function represented by an algebraic expression, determine which function has the greater rate of change."
Common Core,8,8.F.A.3,"Interpret the equation y = mx + b as defining a linear function, whose graph is a straight line; give examples of functions that are not linear. For example, the function A = s^2 giving the area of a square as a function of its side length is not linear because its graph contains the points (1,1), (2,4) and (3,9), which are not on a straight line."
Common Core,8,8.F.B.4,"Construct a function to model a linear relationship between two quantities. Determine the rate of change and initial value of the function from a description of a relationship or from two (x, y) values, including reading these from a table or from a graph. Interpret the rate of change and initial value of a linear function in terms of the situation it models, and in terms of its graph or a table of values."
Common Core,8,8.F.B.5,"Describe qualitatively the functional relationship between two quantities by analyzing a graph (e.g., where the function is increasing or decreasing, linear or nonlinear). Sketch a graph that exhibits the qualitative features of a function that has been described verbally."
Common Core,8,8.G.A.1,"Verify experimentally the properties of rotations, reflections, and translations:"
Common Core,8,8.G.A.1a,"Lines are taken to lines, and line segments to line segments of the same length."
Common Core,8,8.G.A.1b,Angles are taken to angles of the same measure.
Common Core,8,8.G.A.1c,Parallel lines are taken to parallel lines.
Common Core,8,8.G.A.2,"Understand that a two-dimensional figure is congruent to another if the second can be obtained from the first by a sequence of rotations, reflections, and translations; given two congruent figures, describe a sequence that exhibits the congruence between them."
Common Core,8,8.G.A.3,"Describe the effect of dilations, translations, rotations, and reflections on two-dimensional figures using coordinates."
Common Core,8,8.G.A.4,"Understand that a two-dimensional figure is similar to another if the second can be obtained from the first by a sequence of rotations, reflections, translations, and dilations; given two similar two-dimensional figures, describe a sequence that exhibits the similarity between them."
Common Core,8,8.G.A.5,"Use informal arguments to establish facts about the angle sum and exterior angle of triangles, about the angles created when parallel lines are cut by a transversal, and the angle-angle criterion for similarity of triangles. For example, arrange three copies of the same triangle so that the sum of the three angles appears to form a line, and give an argument in terms of transversals why this is so."
Common Core,8,8.G.B.6,Explain a proof of the Pythagorean Theorem and its converse.
Common Core,8,8.G.B.7,Apply the Pythagorean Theorem to determine unknown side lengths in right triangles in real-world and mathematical problems in two and three dimensions.
Common Core,8,8.G.B.8,Apply the Pythagorean Theorem to find the distance between two points in a coordinate system.
Common Core,8,8.G.C.9,"Know the formulas for the volumes of cones, cylinders, and spheres and use them to solve real-world and mathematical problems."
Common Core,8,8.SP.A.1,"Construct and interpret scatter plots for bivariate measurement data to investigate patterns of association between two quantities. Describe patterns such as clustering, outliers, positive or negative association, linear association, and nonlinear association."
Common Core,8,8.SP.A.2,"Know that straight lines are widely used to model relationships between two quantitative variables. For scatter plots that suggest a linear association, informally fit a straight line, and informally assess the model fit by judging the closeness of the data points to the line."
Common Core,8,8.SP.A.3,"Use the equation of a linear model to solve problems in the context of bivariate measurement data, interpreting the slope and intercept. For example, in a linear model for a biology experiment, interpret a slope of 1.5 cm/hr as meaning that an additional hour of sunlight each day is associated with an additional 1.5 cm in mature plant height."
Common Core,8,8.SP.A.4,"Understand that patterns of association can also be seen in bivariate categorical data by displaying frequencies and relative frequencies in a two-way table. Construct and interpret a two-way table summarizing data on two categorical variables collected from the same subjects. Use relative frequencies calculated for rows or columns to describe possible association between the two variables. For example, collect data from students in your class on whether or not they have a curfew on school nights and whether or not they have assigned chores at home. Is there evidence that those who have a curfew also tend to have chores?"
Common Core,Number and Quantity,N.RN.A.1,"Explain how the definition of the meaning of rational exponents follows from extending the properties of integer exponents to those values, allowing for a notation for radicals in terms of rational exponents. For example, we define 5^(1/3) to be the cube root of 5 because we want (5^(1/3))^3 = 5^((1/3) x 3) to hold, so (5^(1/3))^3 must equal 5."
Common Core,Number and Quantity,N.RN.A.2,Rewrite expressions involving radicals and rational exponents using the properties of exponents.
Common Core,Number and Quantity,N.RN.B.3,Explain why the sum or product of two rational numbers is rational; that the sum of a rational number and an irrational number is irrational; and that the product of a nonzero rational number and an irrational number is irrational.
Common Core,Number and Quantity,N.Q.A.1,Use units as a way to understand problems and to guide the solution of multi-step problems; choose and interpret units consistently in formulas; choose and interpret the scale and the origin in graphs and data displays. ★
Common Core,Number and Quantity,N.Q.A.2,Define appropriate quantities for the purpose of descriptive modeling. ★
Common Core,Number and Quantity,N.Q.A.3,Choose a level of accuracy appropriate to limitations on measurement when reporting quantities. ★
Common Core,Number and Quantity,N.CN.A.1,"Know there is a complex number i such that i^2 = -1, and every complex number has the form a + bi with a and b real."
Common Core,Number and Quantity,N.CN.A.2,"Use the relation i^2 = -1 and the commutative, associative, and distributive properties to add, subtract, and multiply complex numbers."
Common Core,Number and Quantity,N.CN.A.3,(+) Find the conjugate of a complex number; use conjugates to find moduli and quotients of complex numbers.
Common Core,Number and Quantity,N.CN.B.4,"(+) Represent complex numbers on the complex plane in rectangular and polar form (including real and imaginary numbers), and explain why the rectangular and polar forms of a given complex number represent the same number."
Common Core,Number and Quantity,N.CN.B.5,"(+) Represent addition, subtraction, multiplication, and conjugation of complex numbers geometrically on the complex plane; use properties of this representation for computation. For example, (-1 + sqrt(3) i)^3 = 8 because (-1 + sqrt(3) i) has modulus 2 and argument 120 degrees."
Common Core,Number and Quantity,N.CN.B.6,"(+) Calculate the distance between numbers in the complex plane as the modulus of the difference, and the midpoint of a segment as the average of the numbers at its endpoints."
Common Core,Number and Quantity,N.CN.C.7,Solve quadratic equations with real coefficients that have complex solutions.
Common Core,Number and Quantity,N.CN.C.8,"(+) Extend polynomial identities to the complex numbers. For example, rewrite x^2 + 4 as (x + 2i)(x - 2i)."
Common Core,Number and Quantity,N.CN.C.9,(+) Know the Fundamental Theorem of Algebra; show that it is true for quadratic polynomials.
Common Core,Number and Quantity,N.VM.A.1,"(+) Recognize vector quantities as having both magnitude and direction. Represent vector quantities by directed line segments, and use appropriate symbols for vectors and their magnitudes (e.g., v, |v|, ||v||, v)."
Common Core,Number and Quantity,N.VM.A.2,(+) Find the components of a vector by subtracting the coordinates of an initial point from the coordinates of a terminal point.
Common Core,Number and Quantity,N.VM.A.3,(+) Solve problems involving velocity and other quantities that can be represented by vectors.
Common Core,Number and Quantity,N.VM.B.4,(+) Add and subtract vectors.
Common Core,Number and Quantity,N.VM.B.4a,"Add vectors end-to-end, component-wise, and by the parallelogram rule. Understand that the magnitude of a sum of two vectors is typically not the sum of the magnitudes."
Common Core,Number and Quantity,N.VM.B.4b,"Given two vectors in magnitude and direction form, determine the magnitude and direction of their sum."
Common Core,Number and Quantity,N.VM.B.4c,"Understand vector subtraction v - w as v + (-w), where -w is the additive inverse of w, with the same magnitude as w and pointing in the opposite direction. Represent vector subtraction graphically by connecting the tips in the appropriate order, and perform vector subtraction component-wise."
Common Core,Number and Quantity,N.VM.B.5,(+) Multiply a vector by a scalar.
Common Core,Number and Quantity,N.VM.B.5a,"Represent scalar multiplication graphically by scaling vectors and possibly reversing their direction; perform scalar multiplication component-wise, e.g., as c(v_x, v_y) = (cv_x, cv_y)."
Common Core,Number and Quantity,N.VM.B.5b,"Compute the magnitude of a scalar multiple cv using ||cv|| = |c|v. Compute the direction of cv knowing that when |c|v is not 0, the direction of cv is either along v (for c > 0) or against v (for c < 0)."
Common Core,Number and Quantity,N.VM.C.6,"(+) Use matrices to represent and manipulate data, e.g., to represent payoffs or incidence relationships in a network."
Common Core,Number and Quantity,N.VM.C.7,"(+) Multiply matrices by scalars to produce new matrices, e.g., as when all of the payoffs in a game are doubled."
Common Core,Number and Quantity,N.VM.C.8,"(+) Add, subtract, and multiply matrices of appropriate dimensions."
Common Core,Number and Quantity,N.VM.C.9,"(+) Understand that, unlike multiplication of numbers, matrix multiplication for square matrices is not a commutative operation, but still satisfies the associative and distributive properties."
Common Core,Number and Quantity,N.VM.C.10,(+) Understand that the zero and identity matrices play a role in matrix addition and multiplication similar to the role of 0 and 1 in the real numbers. The determinant of a square matrix is nonzero if and only if the matrix has a multiplicative inverse.
Common Core,Number and Quantity,N.VM.C.11,(+) Multiply a vector (regarded as a matrix with one column) by a matrix of suitable dimensions to produce another vector. Work with matrices as transformations of vectors.
Common Core,Number and Quantity,N.VM.C.12,"(+) Work with 2 x 2 matrices as transformations of the plane, and interpret the absolute value of the determinant in terms of area."
Common Core,Algebra,A.SSE.A.1,Interpret expressions that represent a quantity in terms of its context. ★
Common Core,Algebra,A.SSE.A.1a,"Interpret parts of an expression, such as terms, factors, and coefficients."
Common Core,Algebra,A.SSE.A.1b,"Interpret complicated expressions by viewing one or more of their parts as a single entity. For example, interpret P(1+r)^n as the product of P and a factor not depending on P."
Common Core,Algebra,A.SSE.A.2,"Use the structure of an expression to identify ways to rewrite it. For example, see x^4 - y^4 as (x^2)^2 - (y^2)^2, thus recognizing it as a difference of squares that can be factored as (x^2 - y^2)(x^2 + y^2)."
Common Core,Algebra,A.SSE.B.3,Choose and produce an equivalent form of an expression to reveal and explain properties of the quantity represented by the expression. ★
Common Core,Algebra,A.SSE.B.3a,Factor a quadratic expression to reveal the zeros of the function it defines.
Common Core,Algebra,A.SSE.B.3b,Complete the square in a quadratic expression to reveal the maximum or minimum value of the function it defines.
Common Core,Algebra,A.SSE.B.3c,Use the properties of exponents to transform expressions for exponential functions. For example the expression 1.15^t can be rewritten as (1.15^(1/12))^(12t) which is approximately 1.012^(12t) to reveal the approximate equivalent monthly interest rate if the annual rate is 15%.
Common Core,Algebra,A.SSE.B.4,"Derive the formula for the sum of a finite geometric series (when the common ratio is not 1), and use the formula to solve problems. For example, calculate mortgage payments. ★"
Common Core,Algebra,A.APR.A.1,"Understand that polynomials form a system analogous to the integers, namely, they are closed under the operations of addition, subtraction, and multiplication; add, subtract, and multiply polynomials."
Common Core,Algebra,A.APR.B.2,"Know and apply the Remainder Theorem: For a polynomial p(x) and a number a, the remainder on division by x - a is p(a), so p(a) = 0 if and only if (x - a) is a factor of p(x)."
Common Core,Algebra,A.APR.B.3,"Identify zeros of polynomials when suitable factorizations are available, and use the zeros to construct a rough graph of the function defined by the polynomial."
Common Core,Algebra,A.APR.C.4,"Prove polynomial identities and use them to describe numerical relationships. For example, the polynomial identity (x^2 + y^2)^2 = (x^2 - y^2)^2 + (2xy)^2 can be used to generate Pythagorean triples."
Common Core,Algebra,A.APR.C.5,"(+) Know and apply the Binomial Theorem for the expansion of (x + y)^n in powers of x and y for a positive integer n, where x and y are any numbers, with coefficients determined for example by Pascal's Triangle."
Common Core,Algebra,A.APR.D.6,"Rewrite simple rational expressions in different forms; write a(x)/b(x) in the form q(x) + r(x)/b(x), where a(x), b(x), q(x), and r(x) are polynomials with the degree of r(x) less than the degree of b(x), using inspection, long division, or, for the more complicated examples, a computer algebra system."
Common Core,Algebra,A.APR.D.7,"(+) Understand that rational expressions form a system analogous to the rational numbers, closed under addition, subtraction, multiplication, and division by a nonzero rational expression; add, subtract, multiply, and divide rational expressions."
Common Core,Algebra,A.CED.A.1,"Create equations and inequalities in one variable and use them to solve problems. Include equations arising from linear and quadratic functions, and simple rational and exponential functions. ★"
Common Core,Algebra,A.CED.A.2,Create equations in two or more variables to represent relationships between quantities; graph equations on coordinate axes with labels and scales. ★
Common Core,Algebra,A.CED.A.3,"Represent constraints by equations or inequalities, and by systems of equations and/or inequalities, and interpret solutions as viable or non-viable options in a modeling context. For example, represent inequalities describing nutritional and cost constraints on combinations of different foods. ★"
Common Core,Algebra,A.CED.A.4,"Rearrange formulas to highlight a quantity of interest, using the same reasoning as in solving equations. For example, rearrange Ohm's law V = IR to highlight resistance R. ★"
Common Core,Algebra,A.REI.A.1,"Explain each step in solving a simple equation as following from the equality of numbers asserted at the previous step, starting from the assumption that the original equation has a solution. Construct a viable argument to justify a solution method."
Common Core,Algebra,A.REI.A.2,"Solve simple rational and radical equations in one variable, and give examples showing how extraneous solutions may arise."
Common Core,Algebra,A.REI.B.3,"Solve linear equations and inequalities in one variable, including equations with coefficients represented by letters."
Common Core,Algebra,A.REI.B.4,Solve quadratic equations in one variable.
Common Core,Algebra,A.REI.B.4a,Use the method of completing the square to transform any quadratic equation in x into an equation of the form (x - p)^2 = q that has the same solutions. Derive the quadratic formula from this form.
Common Core,Algebra,A.REI.B.4b,"Solve quadratic equations by inspection (e.g., for x^2 = 49), taking square roots, completing the square, the quadratic formula and factoring, as appropriate to the initial form of the equation. Recognize when the quadratic formula gives complex solutions and write them as a +/- bi for real numbers a and b."
Common Core,Algebra,A.REI.C.5,"Prove that, given a system of two equations in two variables, replacing one equation by the sum of that equation and a multiple of the other produces a system with the same solutions."
Common Core,Algebra,A.REI.C.6,"Solve systems of linear equations exactly and approximately (e.g., with graphs), focusing on pairs of linear equations in two variables."
Common Core,Algebra,A.REI.C.7,"Solve a simple system consisting of a linear equation and a quadratic equation in two variables algebraically and graphically. For example, find the points of intersection between the line y = -3x and the circle x^2 + y^2 = 3."
Common Core,Algebra,A.REI.C.8,(+) Represent a system of linear equations as a single matrix equation in a vector variable.
Common Core,Algebra,A.REI.C.9,(+) Find the inverse of a matrix if it exists and use it to solve systems of linear equations (using technology for matrices of dimension 3 x 3 or greater).
Common Core,Algebra,A.REI.D.10,"Understand that the graph of an equation in two variables is the set of all its solutions plotted in the coordinate plane, often forming a curve (which could be a line)."
Common Core,Algebra,A.REI.D.11,"Explain why the x-coordinates of the points where the graphs of the equations y = f(x) and y = g(x) intersect are the solutions of the equation f(x) = g(x); find the solutions approximately, e.g., using technology to graph the functions, make tables of values, or find successive approximations. Include cases where f(x) and/or g(x) are linear, polynomial, rational, absolute value, exponential, and logarithmic functions. ★"
Common Core,Algebra,A.REI.D.12,"Graph the solutions to a linear inequality in two variables as a half-plane (excluding the boundary in the case of a strict inequality), and graph the solution set to a system of linear inequalities in two variables as the intersection of the corresponding half-planes."
Common Core,Geometry,G.CO.A.1,"Know precise definitions of angle, circle, perpendicular line, parallel line, and line segment, based on the undefined notions of point, line, distance along a line, and distance around a circular arc."
Common Core,Geometry,G.CO.A.2,"Represent transformations in the plane using, e.g., transparencies and geometry software; describe transformations as functions that take points in the plane as inputs and give other points as outputs. Compare transformations that preserve distance and angle to those that do not (e.g., translation versus horizontal stretch)."
Common Core,Geometry,G.CO.A.3,"Given a rectangle, parallelogram, trapezoid, or regular polygon, describe the rotations and reflections that carry it onto itself."
Common Core,Geometry,G.CO.A.4,"Develop definitions of rotations, reflections, and translations in terms of angles, circles, perpendicular lines, parallel lines, and line segments."
Common Core,Geometry,G.CO.A.5,"Given a geometric figure and a rotation, reflection, or translation, draw the transformed figure using, e.g., graph paper, tracing paper, or geometry software. Specify a sequence of transformations that will carry a given figure onto another."
Common Core,Geometry,G.CO.B.6,"Use geometric descriptions of rigid motions to transform figures and to predict the effect of a given rigid motion on a given figure; given two figures, use the definition of congruence in terms of rigid motions to decide if they are congruent."
Common Core,Geometry,G.CO.B.7,Use the definition of congruence in terms of rigid motions to show that two triangles are congruent if and only if corresponding pairs of sides and corresponding pairs of angles are congruent.
Common Core,Geometry,G.CO.B.8,"Explain how the criteria for triangle congruence (ASA, SAS, and SSS) follow from the definition of congruence in terms of rigid motions."
Common Core,Geometry,G.CO.C.9,"Prove theorems about lines and angles. Theorems include: vertical angles are congruent; when a transversal crosses parallel lines, alternate interior angles are congruent and corresponding angles are congruent; points on a perpendicular bisector of a line segment are exactly those equidistant from the segment's endpoints."
Common Core,Geometry,G.CO.C.10,Prove theorems about triangles. Theorems include: measures of interior angles of a triangle sum to 180 degrees; base angles of isosceles triangles are congruent; the segment joining midpoints of two sides of a triangle is parallel to the third side and half the length; the medians of a triangle meet at a point.
Common Core,Geometry,G.CO.C.11,"Prove theorems about parallelograms. Theorems include: opposite sides are congruent, opposite angles are congruent, the diagonals of a parallelogram bisect each other, and conversely, rectangles are parallelograms with congruent diagonals."
Common Core,Geometry,G.CO.D.12,"Make formal geometric constructions with a variety of tools and methods (compass and straightedge, string, reflective devices, paper folding, dynamic geometric software, etc.). Copying a segment; copying an angle; bisecting a segment; bisecting an angle; constructing perpendicular lines, including the perpendicular bisector of a line segment; and constructing a line parallel to a given line through a point not on the line."
Common Core,Geometry,G.CO.D.13,"Construct an equilateral triangle, a square, and a regular hexagon inscribed in a circle."
Common Core,Geometry,G.SRT.A.1,Verify experimentally the properties of dilations given by a center and a scale factor:
Common Core,Geometry,G.SRT.A.1a,"A dilation takes a line not passing through the center of the dilation to a parallel line, and leaves a line passing through the center unchanged."
Common Core,Geometry,G.SRT.A.1b,The dilation of a line segment is longer or shorter in the ratio given by the scale factor.
Common Core,Geometry,G.SRT.A.2,"Given two figures, use the definition of similarity in terms of similarity transformations to decide if they are similar; explain using similarity transformations the meaning of similarity for triangles as the equality of all corresponding pairs of angles and the proportionality of all corresponding pairs of sides."
Common Core,Geometry,G.SRT.A.3,Use the properties of similarity transformations to establish the AA criterion for two triangles to be similar.
Common Core,Geometry,G.SRT.B.4,"Prove theorems about triangles. Theorems include: a line parallel to one side of a triangle divides the other two proportionally, and conversely; the Pythagorean Theorem proved using triangle similarity."
Common Core,Geometry,G.SRT.B.5,Use congruence and similarity criteria for triangles to solve problems and to prove relationships in geometric figures.
Common Core,Geometry,G.SRT.C.6,"Understand that by similarity, side ratios in right triangles are properties of the angles in the triangle, leading to definitions of trigonometric ratios for acute angles."
Common Core,Geometry,G.SRT.C.7,Explain and use the relationship between the sine and cosine of complementary angles.
Common Core,Geometry,G.SRT.C.8,Use trigonometric ratios and the Pythagorean Theorem to solve right triangles in applied problems. ★
Common Core,Geometry,G.SRT.D.9,(+) Derive the formula A = 1/2 ab sin(C) for the area of a triangle by drawing an auxiliary line from a vertex perpendicular to the opposite side.
Common Core,Geometry,G.SRT.D.10,(+) Prove the Laws of Sines and Cosines and use them to solve problems.
Common Core,Geometry,G.SRT.D.11,"(+) Understand and apply the Law of Sines and the Law of Cosines to find unknown measurements in right and non-right triangles (e.g., surveying problems, resultant forces)."
Common Core,Geometry,G.C.A.1,Prove that all circles are similar.
Common Core,Geometry,G.C.A.2,"Identify and describe relationships among inscribed angles, radii, and chords. Include the relationship between central, inscribed, and circumscribed angles; inscribed angles on a diameter are right angles; the radius of a circle is perpendicular to the tangent where the radius intersects the circle."
Common Core,Geometry,G.C.A.3,"Construct the inscribed and circumscribed circles of a triangle, and prove properties of angles for a quadrilateral inscribed in a circle."
Common Core,Geometry,G.C.A.4,(+) Construct a tangent line from a point outside a given circle to the circle.
Common Core,Geometry,G.C.B.5,"Derive using similarity the fact that the length of the arc intercepted by an angle is proportional to the radius, and define the radian measure of the angle as the constant of proportionality; derive the formula for the area of a sector."
Common Core,Geometry,G.GPE.A.1,Derive the equation of a circle of given center and radius using the Pythagorean Theorem; complete the square to find the center and radius of a circle given by an equation.
Common Core,Geometry,G.GPE.A.2,Derive the equation of a parabola given a focus and directrix.
Common Core,Geometry,G.GPE.A.3,"(+) Derive the equations of ellipses and hyperbolas given the foci, using the fact that the sum or difference of distances from the foci is constant."
Common Core,Geometry,G.GPE.B.4,"Use coordinates to prove simple geometric theorems algebraically. For example, prove or disprove that a figure defined by four given points in the coordinate plane is a rectangle; prove or disprove that the point (1, sqrt(3)) lies on the circle centered at the origin and containing the point (0, 2)."
Common Core,Geometry,G.GPE.B.5,"Prove the slope criteria for parallel and perpendicular lines and use them to solve geometric problems (e.g., find the equation of a line parallel or perpendicular to a given line that passes through a given point)."
Common Core,Geometry,G.GPE.B.6,Find the point on a directed line segment between two given points that partitions the segment in a given ratio.
Common Core,Geometry,G.GPE.B.7,"Use coordinates to compute perimeters of polygons and areas of triangles and rectangles, e.g., using the distance formula. ★"
Common Core,Geometry,G.GMD.A.1,"Give an informal argument for the formulas for the circumference of a circle, area of a circle, volume of a cylinder, pyramid, and cone. Use dissection arguments, Cavalieri's principle, and informal limit arguments."
Common Core,Geometry,G.GMD.A.2,(+) Give an informal argument using Cavalieri's principle for the formulas for the volume of a sphere and other solid figures.
Common Core,Geometry,G.GMD.A.3,"Use volume formulas for cylinders, pyramids, cones, and spheres to solve problems. ★"
Common Core,Geometry,G.GMD.B.4,"Identify the shapes of two-dimensional cross-sections of three-dimensional objects, and identify three-dimensional objects generated by rotations of two-dimensional objects."
Common Core,Geometry,G.MG.A.1,"Use geometric shapes, their measures, and their properties to describe objects (e.g., modeling a tree trunk or a human torso as a cylinder). ★"
Common Core,Geometry,G.MG.A.2,"Apply concepts of density based on area and volume in modeling situations (e.g., persons per square mile, BTUs per cubic foot). ★"
Common Core,Geometry,G.MG.A.3,"Apply geometric methods to solve design problems (e.g., designing an object or structure to satisfy physical constraints or minimize cost; working with typographic grid systems based on ratios). ★"
Common Core,Functions,F.IF.A.1,"Understand that a function from one set (called the domain) to another set (called the range) assigns to each element of the domain exactly one element of the range. If f is a function and x is an element of its domain, then f(x) denotes the output of f corresponding to the input x. The graph of f is the graph of the equation y = f(x)."
Common Core,Functions,F.IF.A.2,"Use function notation, evaluate functions for inputs in their domains, and interpret statements that use function notation in terms of a context."
Common Core,Functions,F.IF.A.3,"Recognize that sequences are functions, sometimes defined recursively, whose domain is a subset of the integers. For example, the Fibonacci sequence is defined recursively by f(0) = f(1) = 1, f(n+1) = f(n) + f(n-1) for n >= 1."
Common Core,Functions,F.IF.B.4,"For a function that models a relationship between two quantities, interpret key features of graphs and tables in terms of the quantities, and sketch graphs showing key features given a verbal description of the relationship. Key features include: intercepts; intervals where the function is increasing, decreasing, positive, or negative; relative maximums and minimums; symmetries; end behavior; and periodicity. ★"
Common Core,Functions,F.IF.B.5,"Relate the domain of a function to its graph and, where applicable, to the quantitative relationship it describes. For example, if the function h(n) gives the number of person-hours it takes to assemble n engines in a factory, then the positive integers would be an appropriate domain for the function. ★"
Common Core,Functions,F.IF.B.6,Calculate and interpret the average rate of change of a function (presented symbolically or as a table) over a specified interval. Estimate the rate of change from a graph. ★
Common Core,Functions,F.IF.C.7,"Graph functions expressed symbolically and show key features of the graph, by hand in simple cases and using technology for more complicated cases. ★"
Common Core,Functions,F.IF.C.7a,"Graph linear and quadratic functions and show intercepts, maxima, and minima."
Common Core,Functions,F.IF.C.7b,"Graph square root, cube root, and piecewise-defined functions, including step functions and absolute value functions."
Common Core,Functions,F.IF.C.7c,"Graph polynomial functions, identifying zeros when suitable factorizations are available, and showing end behavior."
Common Core,Functions,F.IF.C.7d,"(+) Graph rational functions, identifying zeros and asymptotes when suitable factorizations are available, and showing end behavior."
Common Core,Functions,F.IF.C.7e,"Graph exponential and logarithmic functions, showing intercepts and end behavior, and trigonometric functions, showing period, midline, and amplitude."
Common Core,Functions,F.IF.C.8,Write a function defined by an expression in different but equivalent forms to reveal and explain different properties of the function.
Common Core,Functions,F.IF.C.8a,"Use the process of factoring and completing the square in a quadratic function to show zeros, extreme values, and symmetry of the graph, and interpret these in terms of a context."
Common Core,Functions,F.IF.C.8b,"Use the properties of exponents to interpret expressions for exponential functions. For example, identify percent rate of change in functions such as y = (1.02)^t, y = (0.97)^t, y = (1.01)^(12t), y = (1.2)^(t/10), and classify them as representing exponential growth or decay."
Common Core,Functions,F.IF.C.9,"Compare properties of two functions each represented in a different way (algebraically, graphically, numerically in tables, or by verbal descriptions). For example, given a graph of one quadratic function and an algebraic expression for another, say which has the larger maximum."
Common Core,Functions,F.BF.A.1,Write a function that describes a relationship between two quantities. ★
Common Core,Functions,F.BF.A.1a,"Determine an explicit expression, a recursive process, or steps for calculation from a context."
Common Core,Functions,F.BF.A.1b,"Combine standard function types using arithmetic operations. For example, build a function that models the temperature of a cooling body by adding a constant function to a decaying exponential, and relate these functions to the model."
Common Core,Functions,F.BF.A.1c,"(+) Compose functions. For example, if T(y) is the temperature in the atmosphere as a function of height, and h(t) is the height of a weather balloon as a function of time, then T(h(t)) is the temperature at the location of the weather balloon as a function of time."
Common Core,Functions,F.BF.A.2,"Write arithmetic and geometric sequences both recursively and with an explicit formula, use them to model situations, and translate between the two forms. ★"
Common Core,Functions,F.BF.B.3,"Identify the effect on the graph of replacing f(x) by f(x) + k, k f(x), f(kx), and f(x + k) for specific values of k (both positive and negative); find the value of k given the graphs. Experiment with cases and illustrate an explanation of the effects on the graph using technology. Include recognizing even and odd functions from their graphs and algebraic expressions for them."
Common Core,Functions,F.BF.B.4,Find inverse functions.
Common Core,Functions,F.BF.B.4a,"Solve an equation of the form f(x) = c for a simple function f that has an inverse and write an expression for the inverse. For example, f(x) = 2 x^3 or f(x) = (x+1)/(x-1) for x is not equal to 1."
Common Core,Functions,F.BF.B.4b,(+) Verify by composition that one function is the inverse of another.
Common Core,Functions,F.BF.B.4c,"(+) Read values of an inverse function from a graph or a table, given that the function has an inverse."
Common Core,Functions,F.BF.B.4d,(+) Produce an invertible function from a non-invertible function by restricting the domain.
Common Core,Functions,F.BF.B.5,(+) Understand the inverse relationship between exponents and logarithms and use this relationship to solve problems involving logarithms and exponents.
Common Core,Functions,F.LE.A.1,Distinguish between situations that can be modeled with linear functions and with exponential functions. ★
Common Core,Functions,F.LE.A.1a,"Prove that linear functions grow by equal differences over equal intervals, and that exponential functions grow by equal factors over equal intervals."
Common Core,Functions,F.LE.A.1b,Recognize situations in which one quantity changes at a constant rate per unit interval relative to another.
Common Core,Functions,F.LE.A.1c,Recognize situations in which a quantity grows or decays by a constant percent rate per unit interval relative to another.
Common Core,Functions,F.LE.A.2,"Construct linear and exponential functions, including arithmetic and geometric sequences, given a graph, a description of a relationship, or two input-output pairs (include reading these from a table). ★"
Common Core,Functions,F.LE.A.3,"Observe using graphs and tables that a quantity increasing exponentially eventually exceeds a quantity increasing linearly, quadratically, or (more generally) as a polynomial function. ★"
Common Core,Functions,F.LE.A.4,"For exponential models, express as a logarithm the solution to a b^(ct) = d where a, c, and d are numbers and the base b is 2, 10, or e; evaluate the logarithm using technology. ★"
Common Core,Functions,F.LE.B.5,Interpret the parameters in a linear or exponential function in terms of a context. ★
Common Core,Functions,F.TF.A.1,Understand radian measure of an angle as the length of the arc on the unit circle subtended by the angle.
Common Core,Functions,F.TF.A.2,"Explain how the unit circle in the coordinate plane enables the extension of trigonometric functions to all real numbers, interpreted as radian measures of angles traversed counterclockwise around the unit circle."
Common Core,Functions,F.TF.A.3,"(+) Use special triangles to determine geometrically the values of sine, cosine, tangent for pi/3, pi/4 and pi/6, and use the unit circle to express the values of sine, cosine, and tangent for pi-x, pi+x, and 2pi-x in terms of their values for x, where x is any real number."
Common Core,Functions,F.TF.A.4,(+) Use the unit circle to explain symmetry (odd and even) and periodicity of trigonometric functions.
Common Core,Functions,F.TF.B.5,"Choose trigonometric functions to model periodic phenomena with specified amplitude, frequency, and midline. ★"
Common Core,Functions,F.TF.B.6,(+) Understand that restricting a trigonometric function to a domain on which it is always increasing or always decreasing allows its inverse to be constructed.
Common Core,Functions,F.TF.B.7,"(+) Use inverse functions to solve trigonometric equations that arise in modeling contexts; evaluate the solutions using technology, and interpret them in terms of the context. ★"
Common Core,Functions,F.TF.C.8,"Prove the Pythagorean identity sin^2(theta) + cos^2(theta) = 1 and use it to find sin(theta), cos(theta), or tan(theta) given sin(theta), cos(theta), or tan(theta) and the quadrant of the angle."
Common Core,Functions,F.TF.C.9,"(+) Prove the addition and subtraction formulas for sine, cosine, and tangent and use them to solve problems."
Common Core,Statistics and Probability,S.ID.A.1,"Represent data with plots on the real number line (dot plots, histograms, and box plots)."
Common Core,Statistics and Probability,S.ID.A.2,"Use statistics appropriate to the shape of the data distribution to compare center (median, mean) and spread (interquartile range, standard deviation) of two or more different data sets."
Common Core,Statistics and Probability,S.ID.A.3,"Interpret differences in shape, center, and spread in the context of the data sets, accounting for possible effects of extreme data points (outliers)."
Common Core,Statistics and Probability,S.ID.A.4,"Use the mean and standard deviation of a data set to fit it to a normal distribution and to estimate population percentages. Recognize that there are data sets for which such a procedure is not appropriate. Use calculators, spreadsheets, and tables to estimate areas under the normal curve."
Common Core,Statistics and Probability,S.ID.B.5,"Summarize categorical data for two categories in two-way frequency tables. Interpret relative frequencies in the context of the data (including joint, marginal, and conditional relative frequencies). Recognize possible associations and trends in the data."
Common Core,Statistics and Probability,S.ID.B.6,"Represent data on two quantitative variables on a scatter plot, and describe how the variables are related."
Common Core,Statistics and Probability,S.ID.B.6a,"Fit a function to the data; use functions fitted to data to solve problems in the context of the data. Use given functions or choose a function suggested by the context. Emphasize linear, quadratic, and exponential models."
Common Core,Statistics and Probability,S.ID.B.6b,Informally assess the fit of a function by plotting and analyzing residuals.
Common Core,Statistics and Probability,S.ID.B.6c,Fit a linear function for a scatter plot that suggests a linear association.
Common Core,Statistics and Probability,S.ID.C.7,Interpret the slope (rate of change) and the intercept (constant term) of a linear model in the context of the data.
Common Core,Statistics and Probability,S.ID.C.8,Compute (using technology) and interpret the correlation coefficient of a linear fit.
Common Core,Statistics and Probability,S.ID.C.9,Distinguish between correlation and causation.
Common Core,Statistics and Probability,S.IC.A.1,Understand statistics as a process for making inferences about population parameters based on a random sample from that population.
Common Core,Statistics and Probability,S.IC.A.2,"Decide if a specified model is consistent with results from a given data-generating process, e.g., using simulation. For example, a model says a spinning coin falls heads up with probability 0.5. Would a result of 5 tails in a row cause you to question the model?"
Common Core,Statistics and Probability,S.IC.B.3,"Recognize the purposes of and differences among sample surveys, experiments, and observational studies; explain how randomization relates to each."
Common Core,Statistics and Probability,S.IC.B.4,Use data from a sample survey to estimate a population mean or proportion; develop a margin of error through the use of simulation models for random sampling.
Common Core,Statistics and Probability,S.IC.B.5,Use data from a randomized experiment to compare two treatments; use simulations to decide if differences between parameters are significant.
Common Core,Statistics and Probability,S.IC.B.6,Evaluate reports based on data.
Common Core,Statistics and Probability,S.CP.A.1,"Describe events as subsets of a sample space (the set of outcomes) using characteristics (or categories) of the outcomes, or as unions, intersections, or complements of other events ('or,' 'and,' 'not')."
Common Core,Statistics and Probability,S.CP.A.2,"Understand that two events A and B are independent if the probability of A and B occurring together is the product of their probabilities, and use this characterization to determine if they are independent."
Common Core,Statistics and Probability,S.CP.A.3,"Understand the conditional probability of A given B as P(A and B)/P(B), and interpret independence of A and B as saying that the conditional probability of A given B is the same as the probability of A, and the conditional probability of B given A is the same as the probability of B."
Common Core,Statistics and Probability,S.CP.A.4,"Construct and interpret two-way frequency tables of data when two categories are associated with each object being classified. Use the two-way table as a sample space to decide if events are independent and to approximate conditional probabilities. For example, collect data from a random sample of students in your school on their favorite subject among math, science, and English. Estimate the probability that a randomly selected student from your school will favor science given that the student is in tenth grade. Do the same for other subjects and compare the results."
Common Core,Statistics and Probability,S.CP.A.5,"Recognize and explain the concepts of conditional probability and independence in everyday language and everyday situations. For example, compare the chance of having lung cancer if you are a smoker with the chance of being a smoker if you have lung cancer."
Common Core,Statistics and Probability,S.CP.B.6,"Find the conditional probability of A given B as the fraction of B's outcomes that also belong to A, and interpret the answer in terms of the model."
Common Core,Statistics and Probability,S.CP.B.7,"Apply the Addition Rule, P(A or B) = P(A) + P(B) - P(A and B), and interpret the answer in terms of the model."
Common Core,Statistics and Probability,S.CP.B.8,"(+) Apply the general Multiplication Rule in a uniform probability model, P(A and B) = P(A)P(B|A) = P(B)P(A|B), and interpret the answer in terms of the model."
Common Core,Statistics and Probability,S.CP.B.9,(+) Use permutations and combinations to compute probabilities of compound events and solve problems.
Common Core,Statistics and Probability,S.MD.A.1,(+) Define a random variable for a quantity of interest by assigning a numerical value to each event in a sample space; graph the corresponding probability distribution using the same graphical displays as for data distributions.
Common Core,Statistics and Probability,S.MD.A.2,(+) Calculate the expected value of a random variable; interpret it as the mean of the probability distribution.
Common Core,Statistics and Probability,S.MD.A.3,"(+) Develop a probability distribution for a random variable defined for a sample space in which theoretical probabilities can be calculated; find the expected value. For example, find the theoretical probability distribution for the number of correct answers obtained by guessing on all five questions of a multiple-choice test where each question has four choices, and find the expected grade under various grading schemes."
Common Core,Statistics and Probability,S.MD.A.4,"(+) Develop a probability distribution for a random variable defined for a sample space in which probabilities are assigned empirically; find the expected value. For example, find a current data distribution on the number of TV sets per household in the United States, and calculate the expected number of sets per household. How many TV sets would you expect to find in 100 randomly selected households?"
Common Core,Statistics and Probability,S.MD.B.5,(+) Weigh the possible outcomes of a decision by assigning probabilities to payoff values and finding expected values.
Common Core,Statistics and Probability,S.MD.B.5a,"Find the expected payoff for a game of chance. For example, find the expected winnings from a state lottery ticket or a game at a fast-food restaurant."
Common Core,Statistics and Probability,S.MD.B.5b,"Evaluate and compare strategies on the basis of expected values. For example, compare a high-deductible versus a low-deductible automobile insurance policy using various, but reasonable, chances of having a minor or a major accident."
Common Core,Statistics and Probability,S.MD.B.6,"(+) Use probabilities to make fair decisions (e.g., drawing by lots, using a random number generator)."
Common Core,Statistics and Probability,S.MD.B.7,"(+) Analyze decisions and strategies using probability concepts (e.g., product testing, medical testing, pulling a hockey goalie at the end of a game)."
